idstd,Anciennet√©,size_Large,size_Medium,size_Small
562277,10.0,0,1,0
562278,31.0,1,0,0
562280,38.0,0,1,0
562281,23.0,1,0,0
562283,3.0,0,1,0
562284,4.0,1,0,0
562287,11.0,1,0,0
562288,11.0,0,1,0
562289,17.0,1,0,0
562291,7.0,1,0,0
562298,3.0,0,1,0
562304,21.0,0,1,0
562305,28.0,0,1,0
562309,7.0,1,0,0
562314,3.0,0,1,0
562317,4.0,0,1,0
562318,3.0,0,1,0
562321,8.0,1,0,0
562323,3.0,0,0,1
562327,8.0,0,1,0
562329,18.0,0,1,0
562333,29.0,0,1,0
562343,9.0,0,1,0
562345,3.0,0,0,1
562347,7.0,0,1,0
562350,3.0,1,0,0
562352,6.0,0,1,0
562356,7.0,0,1,0
562367,11.0,0,0,1
562368,8.0,0,0,1
562370,8.0,0,1,0
562372,7.0,0,1,0
562377,10.0,0,0,1
562383,14.0,0,1,0
562386,17.0,1,0,0
562388,9.0,0,1,0
562393,8.0,1,0,0
562397,2.0,0,1,0
562401,5.0,0,1,0
562405,2.0,0,1,0
562407,2.0,0,1,0
562409,4.0,0,1,0
562410,6.0,0,1,0
562411,6.0,1,0,0
562412,7.0,0,1,0
562414,4.0,0,1,0
562416,4.0,1,0,0
562417,9.0,1,0,0
562422,14.0,0,1,0
562440,4.0,1,0,0
562448,16.0,0,1,0
562455,12.0,1,0,0
562462,10.0,0,1,0
562466,7.0,1,0,0
562467,8.0,0,0,1
562470,12.0,1,0,0
562475,8.0,0,1,0
562477,4.0,0,0,1
562481,4.0,0,0,1
562484,10.0,1,0,0
562491,17.0,0,1,0
562493,13.0,0,1,0
562497,11.0,1,0,0
562500,11.0,0,1,0
562501,3.0,1,0,0
562502,21.0,1,0,0
562503,7.0,0,1,0
562507,3.0,0,1,0
562508,23.0,1,0,0
562509,9.0,0,1,0
562510,10.0,1,0,0
562511,33.0,0,1,0
562512,6.0,1,0,0
562514,25.0,0,1,0
562515,15.0,0,1,0
562520,8.0,0,1,0
562524,4.0,0,1,0
562527,13.0,0,1,0
562534,16.0,0,1,0
562548,31.0,1,0,0
562550,12.0,0,1,0
562554,8.0,0,1,0
562555,15.0,0,1,0
562559,21.0,0,1,0
562562,5.0,0,1,0
562566,7.0,0,0,1
562568,6.0,1,0,0
562574,4.0,0,1,0
562578,7.0,0,0,1
562580,7.0,1,0,0
562581,6.0,0,1,0
562583,4.0,0,1,0
562584,24.0,0,0,1
562585,4.0,0,1,0
562605,3.0,1,0,0
562606,15.0,0,1,0
562609,12.0,1,0,0
562610,28.0,0,1,0
562612,12.0,0,1,0
562613,6.0,0,0,1
562614,9.0,1,0,0
562623,,0,1,0
562626,46.0,0,1,0
562628,34.0,1,0,0
562630,33.0,0,0,1
562631,16.0,1,0,0
562632,41.0,0,1,0
562633,13.0,1,0,0
562638,21.0,0,1,0
562640,13.0,1,0,0
562643,9.0,0,1,0
562647,33.0,1,0,0
562648,13.0,0,1,0
562649,15.0,0,0,1
562650,12.0,1,0,0
562652,21.0,0,1,0
562653,15.0,1,0,0
562654,21.0,0,1,0
562655,26.0,0,1,0
562656,44.0,0,0,1
562657,13.0,0,1,0
562658,12.0,0,1,0
562661,12.0,0,1,0
562662,12.0,0,1,0
562663,20.0,0,1,0
562666,20.0,1,0,0
562667,48.0,1,0,0
562669,93.0,1,0,0
562673,38.0,0,0,1
562674,22.0,1,0,0
562676,65.0,0,0,1
562677,24.0,0,0,1
562679,18.0,1,0,0
562680,67.0,0,1,0
562681,29.0,0,1,0
562685,4.0,0,1,0
562691,23.0,0,0,1
562695,8.0,1,0,0
562696,11.0,1,0,0
562697,8.0,0,1,0
562701,30.0,1,0,0
562702,13.0,1,0,0
562704,13.0,1,0,0
562706,9.0,1,0,0
562712,18.0,1,0,0
562713,23.0,1,0,0
562714,17.0,0,1,0
562716,49.0,1,0,0
562717,30.0,1,0,0
562721,17.0,0,0,1
562722,25.0,0,0,1
562725,13.0,1,0,0
562726,7.0,0,1,0
562727,30.0,0,1,0
562728,11.0,0,1,0
562729,27.0,0,0,1
562736,46.0,0,1,0
562737,44.0,1,0,0
562740,43.0,0,1,0
562741,11.0,0,1,0
562744,9.0,0,0,1
562745,10.0,1,0,0
562746,13.0,0,1,0
562752,12.0,0,1,0
562755,11.0,1,0,0
562756,33.0,0,1,0
562757,13.0,0,0,1
562761,22.0,0,1,0
562762,21.0,0,0,1
562763,10.0,0,1,0
562765,18.0,0,1,0
562768,24.0,0,1,0
562772,15.0,0,1,0
562775,13.0,1,0,0
562777,21.0,0,0,1
562778,17.0,1,0,0
562780,10.0,1,0,0
562782,13.0,1,0,0
562785,13.0,0,1,0
562786,13.0,0,0,1
562789,12.0,1,0,0
562791,12.0,1,0,0
562797,13.0,1,0,0
562798,13.0,1,0,0
562801,15.0,0,1,0
562802,7.0,0,1,0
562806,19.0,0,1,0
562807,3.0,0,0,1
562809,11.0,0,0,1
562810,8.0,0,0,1
562812,23.0,0,1,0
562815,23.0,0,1,0
562818,33.0,0,1,0
562820,18.0,0,1,0
562827,8.0,0,0,1
562828,15.0,0,1,0
562831,4.0,0,1,0
562833,18.0,0,1,0
562834,9.0,0,0,1
562835,7.0,0,1,0
562836,17.0,0,1,0
562843,34.0,1,0,0
562849,8.0,0,0,1
562852,5.0,0,0,1
562855,10.0,0,0,1
562857,10.0,0,1,0
562858,18.0,0,1,0
562860,36.0,0,1,0
562861,28.0,1,0,0
562862,26.0,1,0,0
562863,30.0,0,1,0
562864,30.0,0,0,1
562865,15.0,0,1,0
562866,4.0,0,1,0
562874,19.0,0,1,0
562875,15.0,0,1,0
562876,9.0,0,1,0
562878,31.0,1,0,0
562879,8.0,1,0,0
562881,8.0,0,1,0
562886,8.0,0,1,0
562889,11.0,0,1,0
562890,10.0,0,1,0
562891,20.0,0,1,0
562898,13.0,0,1,0
562901,15.0,0,1,0
562904,12.0,0,1,0
562905,18.0,0,1,0
562908,13.0,0,1,0
562913,34.0,0,1,0
562914,21.0,0,1,0
562915,15.0,1,0,0
562916,13.0,1,0,0
562921,20.0,1,0,0
562925,30.0,0,1,0
562926,5.0,1,0,0
562929,15.0,0,1,0
562930,13.0,0,1,0
562932,5.0,1,0,0
562933,20.0,0,1,0
562934,22.0,0,1,0
562935,27.0,0,1,0
562936,18.0,0,1,0
562938,6.0,1,0,0
562939,18.0,0,1,0
562945,11.0,0,1,0
562946,33.0,0,1,0
562948,39.0,1,0,0
562951,9.0,1,0,0
562952,5.0,1,0,0
562956,5.0,1,0,0
562960,22.0,0,1,0
562961,6.0,1,0,0
562967,36.0,0,1,0
562968,33.0,1,0,0
562971,8.0,1,0,0
562972,33.0,1,0,0
562974,34.0,1,0,0
562975,33.0,0,1,0
562977,20.0,1,0,0
562980,4.0,1,0,0
562982,9.0,1,0,0
562983,34.0,1,0,0
562988,3.0,0,1,0
562989,21.0,1,0,0
562990,17.0,0,1,0
562992,9.0,0,1,0
562994,29.0,0,1,0
562995,1.0,1,0,0
562998,17.0,1,0,0
563007,21.0,0,1,0
563008,30.0,0,1,0
563011,11.0,1,0,0
563014,3.0,1,0,0
563015,3.0,1,0,0
563019,21.0,0,1,0
563020,21.0,0,1,0
563022,18.0,0,1,0
563023,28.0,0,1,0
563025,10.0,1,0,0
563029,7.0,1,0,0
563030,39.0,1,0,0
563038,23.0,0,1,0
563041,15.0,1,0,0
563053,28.0,0,1,0
563055,10.0,0,1,0
563057,20.0,0,1,0
563058,23.0,0,1,0
563059,19.0,0,1,0
563060,71.0,1,0,0
563061,28.0,1,0,0
563062,,1,0,0
563063,5.0,1,0,0
563064,14.0,1,0,0
563065,9.0,0,1,0
563066,45.0,0,0,1
563067,23.0,1,0,0
563069,41.0,0,0,1
563071,9.0,1,0,0
563073,31.0,1,0,0
563074,10.0,1,0,0
563075,39.0,1,0,0
563076,9.0,1,0,0
563077,65.0,1,0,0
563078,28.0,1,0,0
563079,26.0,0,1,0
563081,33.0,0,1,0
563085,15.0,0,0,1
563087,13.0,0,1,0
563088,23.0,1,0,0
563091,23.0,0,1,0
563093,28.0,0,1,0
563095,33.0,0,1,0
563097,10.0,0,1,0
563098,16.0,0,0,1
563101,54.0,0,1,0
563104,15.0,0,1,0
563105,6.0,0,1,0
563106,6.0,1,0,0
563109,20.0,0,1,0
563110,30.0,0,1,0
563111,25.0,0,1,0
563118,9.0,0,1,0
563120,6.0,0,1,0
563122,12.0,0,1,0
563125,11.0,0,1,0
563131,17.0,0,1,0
563132,15.0,0,0,1
563135,6.0,0,1,0
563138,7.0,0,1,0
563146,23.0,0,0,1
563147,13.0,0,1,0
563149,4.0,0,1,0
563151,8.0,0,0,1
563155,43.0,0,0,1
563156,8.0,0,1,0
563161,9.0,0,1,0
563162,11.0,0,1,0
563168,6.0,0,1,0
563170,8.0,0,1,0
563173,7.0,0,1,0
563175,2.0,0,1,0
563176,12.0,0,1,0
563178,46.0,0,1,0
563179,26.0,0,1,0
563180,64.0,0,1,0
563181,10.0,0,1,0
563182,30.0,0,1,0
563186,9.0,0,1,0
563188,33.0,0,1,0
563192,12.0,0,0,1
563194,3.0,0,1,0
563202,7.0,0,1,0
563205,86.0,1,0,0
563207,66.0,1,0,0
563213,12.0,0,1,0
563215,53.0,0,1,0
563218,20.0,1,0,0
563219,10.0,1,0,0
563222,27.0,1,0,0
563225,8.0,1,0,0
563231,22.0,0,1,0
563235,16.0,1,0,0
563247,16.0,0,1,0
563249,18.0,0,1,0
563253,10.0,1,0,0
563255,15.0,0,0,1
563257,76.0,1,0,0
563263,13.0,1,0,0
563269,19.0,0,1,0
563270,3.0,1,0,0
563272,7.0,1,0,0
563274,13.0,1,0,0
563277,15.0,0,1,0
563279,13.0,0,1,0
563285,17.0,0,1,0
563286,11.0,1,0,0
563288,8.0,0,1,0
563290,13.0,0,1,0
563291,8.0,1,0,0
563292,18.0,0,1,0
563295,25.0,1,0,0
563296,12.0,1,0,0
563298,39.0,0,0,1
563301,19.0,1,0,0
563306,16.0,0,1,0
563307,25.0,0,0,1
563309,28.0,1,0,0
563310,14.0,1,0,0
563312,13.0,0,1,0
563314,13.0,0,1,0
563315,24.0,1,0,0
563316,4.0,0,1,0
563317,37.0,0,1,0
563320,11.0,0,1,0
563321,64.0,0,1,0
563322,4.0,1,0,0
563325,8.0,0,1,0
563332,13.0,0,1,0
563337,7.0,0,1,0
563345,11.0,1,0,0
563346,8.0,1,0,0
563348,9.0,1,0,0
563350,14.0,0,1,0
563351,12.0,0,1,0
563352,5.0,0,0,1
563353,14.0,1,0,0
563354,5.0,0,1,0
563356,9.0,1,0,0
563358,5.0,1,0,0
563359,12.0,1,0,0
563360,18.0,0,1,0
563365,15.0,1,0,0
563378,9.0,1,0,0
563381,11.0,0,1,0
563384,17.0,0,0,1
563385,5.0,0,0,1
563386,14.0,1,0,0
563393,10.0,1,0,0
563394,18.0,1,0,0
563397,22.0,0,1,0
563399,7.0,0,0,1
563401,14.0,1,0,0
563402,8.0,0,1,0
563405,11.0,0,1,0
563407,20.0,0,1,0
563410,5.0,0,1,0
563411,13.0,0,1,0
563415,16.0,1,0,0
563416,15.0,1,0,0
563419,3.0,1,0,0
563422,9.0,1,0,0
563423,13.0,1,0,0
563425,7.0,0,0,1
563427,10.0,1,0,0
563429,33.0,1,0,0
563431,7.0,1,0,0
563432,10.0,0,0,1
563433,45.0,1,0,0
563436,13.0,0,1,0
563439,10.0,1,0,0
563440,6.0,0,0,1
563443,23.0,1,0,0
563444,11.0,0,1,0
563448,6.0,1,0,0
563449,14.0,1,0,0
563451,13.0,0,1,0
563456,10.0,1,0,0
563459,2.0,1,0,0
563460,2.0,0,0,1
563461,8.0,0,1,0
563462,6.0,0,1,0
563465,11.0,0,0,1
563467,8.0,0,0,1
563468,6.0,0,0,1
563469,7.0,0,0,1
563471,10.0,1,0,0
563472,4.0,1,0,0
563473,12.0,1,0,0
563474,21.0,1,0,0
563475,5.0,0,1,0
563476,12.0,1,0,0
563478,5.0,0,1,0
563480,11.0,0,1,0
563481,11.0,1,0,0
563489,3.0,0,0,1
563490,5.0,0,1,0
563491,2.0,0,0,1
563492,10.0,0,1,0
563493,10.0,0,0,1
563495,14.0,1,0,0
563496,9.0,1,0,0
563497,6.0,1,0,0
563498,19.0,0,1,0
563501,15.0,0,1,0
563503,8.0,0,0,1
563504,21.0,0,0,1
563515,3.0,0,1,0
563518,28.0,0,1,0
563521,19.0,0,0,1
563525,15.0,0,1,0
563528,11.0,0,0,1
563533,5.0,0,0,1
563535,9.0,0,0,1
563537,2.0,0,0,1
563538,2.0,0,0,1
563539,11.0,0,0,1
563542,10.0,0,0,1
563545,8.0,0,0,1
563551,4.0,0,0,1
563552,7.0,0,0,1
563553,6.0,0,0,1
563556,11.0,0,0,1
563559,7.0,0,0,1
563560,5.0,0,0,1
563563,70.0,0,0,1
563564,10.0,0,0,1
563568,5.0,0,0,1
563571,8.0,0,0,1
563573,6.0,0,0,1
563575,7.0,0,0,1
563578,3.0,0,0,1
563579,5.0,0,0,1
563580,6.0,0,0,1
563581,6.0,0,0,1
563583,5.0,0,1,0
563584,5.0,0,0,1
563587,5.0,0,0,1
563588,5.0,0,0,1
563589,4.0,0,0,1
563590,7.0,0,0,1
563591,8.0,0,0,1
563592,4.0,0,0,1
563593,5.0,0,0,1
563598,9.0,1,0,0
563599,6.0,0,0,1
563600,9.0,0,0,1
563603,12.0,0,0,1
563605,7.0,0,0,1
563606,13.0,0,0,1
563611,5.0,0,0,1
563619,20.0,0,0,1
563622,4.0,0,0,1
563627,3.0,0,0,1
563629,13.0,0,0,1
563631,3.0,0,0,1
563633,13.0,0,0,1
563634,21.0,0,0,1
563635,6.0,0,0,1
563636,7.0,0,0,1
563637,14.0,0,0,1
563639,6.0,0,0,1
563640,3.0,0,0,1
563641,6.0,0,0,1
563642,13.0,0,0,1
563646,9.0,0,0,1
563650,5.0,0,0,1
563651,9.0,0,0,1
563655,15.0,0,0,1
563660,7.0,0,0,1
563663,42.0,0,0,1
563664,4.0,0,1,0
563665,13.0,1,0,0
563671,13.0,0,1,0
563679,7.0,0,0,1
563681,22.0,0,1,0
563684,10.0,0,0,1
563685,20.0,0,0,1
563688,15.0,0,1,0
563698,15.0,0,1,0
563699,28.0,0,0,1
563704,9.0,0,0,1
563709,17.0,0,0,1
563711,4.0,0,0,1
563715,18.0,0,0,1
563716,2.0,0,0,1
563719,37.0,0,1,0
563720,29.0,0,0,1
563722,7.0,0,0,1
563725,2.0,0,0,1
563733,12.0,0,1,0
563734,4.0,0,0,1
563740,6.0,0,0,1
563741,5.0,0,0,1
563743,14.0,0,0,1
563744,6.0,0,1,0
563756,6.0,0,0,1
563764,8.0,0,0,1
563769,9.0,0,0,1
563774,13.0,0,0,1
563780,10.0,0,0,1
563783,6.0,0,0,1
563785,12.0,0,0,1
563786,7.0,0,0,1
563787,22.0,0,1,0
563789,7.0,0,0,1
563794,10.0,0,0,1
563797,1.0,0,1,0
563799,20.0,0,0,1
563801,2.0,0,1,0
563802,8.0,0,1,0
563804,8.0,0,0,1
563805,25.0,0,0,1
563806,59.0,0,1,0
563809,17.0,0,0,1
563810,11.0,0,0,1
563811,6.0,0,1,0
563812,6.0,0,0,1
563817,9.0,0,1,0
563819,21.0,1,0,0
563821,17.0,0,1,0
563822,20.0,0,1,0
563823,10.0,0,0,1
563824,22.0,0,1,0
563825,26.0,0,0,1
563829,3.0,0,1,0
563833,8.0,0,0,1
563834,48.0,1,0,0
563839,6.0,0,0,1
563840,16.0,0,1,0
563844,4.0,0,0,1
563845,49.0,1,0,0
563846,3.0,0,0,1
563847,18.0,0,1,0
563850,28.0,0,0,1
563851,14.0,0,1,0
563853,0.0,0,1,0
563854,48.0,0,0,1
563857,12.0,0,0,1
563861,13.0,0,0,1
563862,3.0,0,0,1
563865,7.0,0,0,1
563866,20.0,0,0,1
563869,11.0,0,1,0
563870,23.0,0,1,0
563871,3.0,0,0,1
563872,10.0,0,1,0
563875,15.0,1,0,0
563880,8.0,0,0,1
563883,29.0,0,0,1
563884,21.0,0,0,1
563887,15.0,0,1,0
563889,10.0,0,1,0
563890,22.0,0,1,0
563892,22.0,1,0,0
563893,10.0,0,0,1
563895,31.0,0,0,1
563902,22.0,0,1,0
563903,2.0,0,1,0
563906,4.0,0,0,1
563907,19.0,0,0,1
563910,3.0,1,0,0
563912,11.0,1,0,0
563913,7.0,0,0,1
563914,1.0,0,0,1
563916,8.0,0,0,1
563917,13.0,0,0,1
563919,6.0,0,1,0
563920,22.0,0,1,0
563921,1.0,0,0,1
563923,6.0,0,0,1
563926,9.0,0,1,0
563927,48.0,0,0,1
563928,1.0,0,0,1
563929,4.0,0,0,1
563930,4.0,0,0,1
563931,12.0,1,0,0
563933,14.0,0,1,0
563937,0.0,0,0,1
563938,8.0,0,0,1
563939,10.0,0,0,1
563943,7.0,0,0,1
563944,6.0,0,0,1
563945,8.0,0,0,1
563949,2.0,0,0,1
563952,14.0,0,1,0
563953,9.0,0,0,1
563954,13.0,0,1,0
563956,16.0,0,0,1
563957,7.0,0,1,0
563958,5.0,0,0,1
563961,7.0,0,0,1
563967,7.0,0,0,1
563969,9.0,0,0,1
563970,11.0,0,0,1
563971,7.0,0,0,1
563972,3.0,0,0,1
563974,4.0,0,0,1
563976,5.0,0,0,1
563977,10.0,0,0,1
563978,8.0,0,0,1
563980,25.0,0,1,0
563983,20.0,0,1,0
563985,9.0,0,0,1
563986,1.0,0,0,1
563988,9.0,0,0,1
563994,0.0,0,0,1
563999,6.0,1,0,0
564000,17.0,0,1,0
564003,11.0,0,1,0
564008,7.0,1,0,0
564011,2.0,1,0,0
564014,8.0,0,0,1
564017,13.0,0,1,0
564019,13.0,0,0,1
564032,11.0,0,1,0
564036,12.0,1,0,0
564045,3.0,0,1,0
564047,7.0,0,0,1
564050,11.0,1,0,0
564053,10.0,1,0,0
564056,7.0,0,1,0
564057,12.0,0,0,1
564065,19.0,1,0,0
564067,6.0,0,0,1
564075,3.0,0,1,0
564076,9.0,0,1,0
564077,17.0,0,1,0
564080,6.0,0,0,1
564081,8.0,0,1,0
564085,13.0,0,1,0
564088,15.0,0,1,0
564089,22.0,0,1,0
564092,2.0,0,0,1
564103,9.0,1,0,0
564105,6.0,0,1,0
564107,2.0,0,1,0
564109,11.0,0,1,0
564111,15.0,0,1,0
564113,17.0,0,1,0
564116,7.0,0,1,0
564117,7.0,0,1,0
564120,9.0,0,1,0
564122,3.0,0,1,0
564125,14.0,1,0,0
564126,7.0,0,1,0
564135,5.0,0,1,0
564137,20.0,0,1,0
564142,4.0,0,1,0
564143,9.0,0,0,1
564146,2.0,0,1,0
564151,6.0,1,0,0
564152,11.0,0,1,0
564153,50.0,0,1,0
564154,7.0,0,0,1
564155,7.0,0,0,1
564157,14.0,0,1,0
564158,18.0,0,1,0
564159,2.0,0,0,1
564160,23.0,1,0,0
564161,14.0,0,1,0
564165,30.0,0,1,0
564166,53.0,0,0,1
564167,17.0,0,1,0
564168,19.0,0,1,0
564169,45.0,0,1,0
564171,26.0,1,0,0
564174,15.0,0,1,0
564175,9.0,1,0,0
564176,38.0,0,1,0
564178,24.0,0,1,0
564179,20.0,0,0,1
564181,21.0,0,1,0
564183,13.0,0,0,1
564185,9.0,0,0,1
564188,15.0,0,0,1
564189,25.0,0,1,0
564198,4.0,0,1,0
564202,30.0,0,0,1
564207,19.0,0,1,0
564209,41.0,0,0,1
564211,8.0,0,0,1
564214,15.0,0,0,1
564221,23.0,0,0,1
564222,9.0,0,0,1
564225,9.0,0,0,1
564226,8.0,0,1,0
564228,8.0,0,0,1
564229,30.0,0,0,1
564231,11.0,0,1,0
564232,57.0,0,0,1
564235,15.0,0,0,1
564236,4.0,0,0,1
564237,23.0,0,1,0
564241,16.0,0,0,1
564242,20.0,0,0,1
564243,23.0,0,0,1
564249,31.0,0,1,0
564252,42.0,1,0,0
564254,10.0,0,1,0
564257,3.0,0,0,1
564258,20.0,0,1,0
564263,18.0,0,0,1
564264,51.0,0,0,1
564269,33.0,0,1,0
564273,8.0,0,0,1
564274,18.0,0,1,0
564277,22.0,0,1,0
564278,21.0,0,1,0
564279,38.0,0,0,1
564280,28.0,0,1,0
564282,13.0,0,1,0
564296,14.0,0,0,1
564297,34.0,0,0,1
564307,33.0,0,0,1
564308,16.0,0,0,1
564323,13.0,0,0,1
564328,25.0,0,0,1
564342,7.0,0,1,0
564353,7.0,0,1,0
564358,17.0,0,0,1
564359,17.0,0,0,1
564360,13.0,0,0,1
564362,21.0,0,1,0
564364,5.0,0,1,0
564365,15.0,0,1,0
564366,19.0,0,1,0
564369,44.0,0,1,0
564383,18.0,0,1,0
564389,6.0,0,0,1
564391,8.0,0,0,1
564392,16.0,0,0,1
564395,7.0,0,0,1
564396,5.0,0,1,0
564397,4.0,0,0,1
564398,13.0,0,0,1
564399,35.0,0,1,0
564400,3.0,0,1,0
564402,12.0,0,0,1
564403,17.0,0,0,1
564404,2.0,0,0,1
564405,24.0,0,0,1
564407,5.0,0,1,0
564409,27.0,0,0,1
564411,18.0,0,1,0
564412,30.0,0,0,1
564413,13.0,0,1,0
564414,11.0,0,1,0
564415,10.0,1,0,0
564416,34.0,0,1,0
564417,2.0,0,0,1
564418,4.0,0,0,1
564419,3.0,0,0,1
564420,7.0,0,1,0
564421,16.0,0,1,0
564422,28.0,0,1,0
564423,5.0,0,0,1
564425,15.0,0,1,0
564426,15.0,0,1,0
564427,13.0,0,0,1
564428,4.0,0,1,0
564434,39.0,0,0,1
564436,4.0,0,0,1
564437,2.0,0,0,1
564441,14.0,0,1,0
564442,6.0,0,1,0
564444,15.0,0,1,0
564445,10.0,0,0,1
564446,16.0,0,1,0
564447,41.0,0,1,0
564448,19.0,0,1,0
564454,32.0,0,1,0
564458,14.0,0,1,0
564460,23.0,0,1,0
564462,28.0,0,1,0
564463,25.0,0,0,1
564465,20.0,0,0,1
564466,18.0,0,0,1
564467,15.0,0,0,1
564471,18.0,0,0,1
564472,8.0,0,0,1
564473,14.0,0,1,0
564474,18.0,0,1,0
564481,7.0,0,1,0
564484,22.0,0,1,0
564485,23.0,0,1,0
564487,8.0,0,1,0
564488,9.0,0,1,0
564490,16.0,0,1,0
564491,5.0,0,1,0
564492,15.0,0,0,1
564493,26.0,0,0,1
564494,23.0,0,1,0
564497,5.0,0,0,1
564498,10.0,0,1,0
564500,16.0,0,0,1
564503,25.0,0,1,0
564504,23.0,0,1,0
564508,9.0,0,1,0
564512,7.0,0,1,0
564513,9.0,0,1,0
564514,39.0,0,1,0
564515,11.0,0,0,1
564516,23.0,0,1,0
564517,4.0,0,0,1
564519,46.0,1,0,0
564521,8.0,0,1,0
564523,8.0,0,1,0
564525,6.0,0,1,0
564527,7.0,1,0,0
564531,7.0,1,0,0
564532,6.0,1,0,0
564533,6.0,1,0,0
564534,29.0,1,0,0
564535,7.0,1,0,0
564539,7.0,0,1,0
564540,7.0,1,0,0
564541,7.0,1,0,0
564544,2.0,1,0,0
564545,7.0,1,0,0
564547,6.0,1,0,0
564550,5.0,1,0,0
564552,6.0,1,0,0
564557,6.0,1,0,0
564558,6.0,1,0,0
564562,5.0,0,1,0
564564,5.0,0,1,0
564565,6.0,1,0,0
564573,5.0,1,0,0
564574,4.0,1,0,0
564578,3.0,1,0,0
564582,6.0,0,1,0
564583,2.0,0,0,1
564599,8.0,0,1,0
564600,7.0,1,0,0
564604,2.0,0,1,0
564605,3.0,0,1,0
564611,16.0,0,0,1
564612,11.0,0,0,1
564613,22.0,0,0,1
564617,3.0,1,0,0
564628,9.0,0,0,1
564629,8.0,0,1,0
564631,6.0,1,0,0
564634,6.0,0,1,0
564638,8.0,0,1,0
564642,7.0,0,1,0
564644,3.0,0,1,0
564645,6.0,0,0,1
564646,7.0,0,1,0
564647,52.0,1,0,0
564648,6.0,0,1,0
564652,4.0,0,1,0
564656,8.0,0,1,0
564659,5.0,0,1,0
564662,2.0,0,1,0
564668,3.0,1,0,0
564670,4.0,0,1,0
564674,7.0,1,0,0
564677,4.0,0,1,0
564678,5.0,0,1,0
564679,4.0,0,1,0
564680,5.0,1,0,0
564683,4.0,0,1,0
564685,4.0,0,1,0
564686,0.0,0,0,1
564688,3.0,0,1,0
564702,7.0,1,0,0
564705,7.0,0,1,0
564712,6.0,0,1,0
564713,6.0,1,0,0
564715,6.0,0,1,0
564718,5.0,0,1,0
564725,5.0,0,1,0
564728,3.0,0,1,0
564729,3.0,0,1,0
564730,4.0,0,1,0
564732,4.0,0,1,0
564733,5.0,0,1,0
564734,4.0,0,0,1
564735,4.0,0,1,0
564736,6.0,1,0,0
564742,5.0,1,0,0
564744,3.0,0,1,0
564745,3.0,1,0,0
564747,8.0,0,1,0
564748,4.0,0,0,1
564758,4.0,0,1,0
564759,2.0,0,1,0
564760,2.0,0,1,0
564762,2.0,0,1,0
564766,4.0,0,1,0
564770,3.0,1,0,0
564771,2.0,0,0,1
564776,3.0,1,0,0
564777,4.0,1,0,0
564778,1.0,0,1,0
564779,5.0,0,0,1
564780,4.0,0,1,0
564781,1.0,1,0,0
564784,28.0,1,0,0
564786,46.0,1,0,0
564797,30.0,1,0,0
564802,28.0,1,0,0
564805,49.0,1,0,0
564808,37.0,1,0,0
564809,10.0,1,0,0
564813,23.0,1,0,0
564814,27.0,1,0,0
564815,24.0,1,0,0
564816,28.0,0,1,0
564817,32.0,1,0,0
564820,17.0,0,1,0
564821,21.0,0,1,0
564828,45.0,1,0,0
564831,1.0,0,0,1
564836,24.0,1,0,0
564837,29.0,0,0,1
564841,15.0,1,0,0
564843,26.0,1,0,0
564844,24.0,0,1,0
564845,31.0,1,0,0
564850,13.0,1,0,0
564853,37.0,0,1,0
564854,20.0,1,0,0
564856,16.0,1,0,0
564859,4.0,0,1,0
564860,4.0,0,1,0
564861,17.0,1,0,0
564875,33.0,0,1,0
564876,33.0,0,1,0
564878,11.0,0,1,0
564883,20.0,0,1,0
564884,25.0,0,1,0
564885,20.0,0,1,0
564887,17.0,0,1,0
564894,20.0,1,0,0
564895,19.0,0,0,1
564896,30.0,0,1,0
564897,29.0,1,0,0
564898,41.0,1,0,0
564899,21.0,0,1,0
564903,15.0,0,1,0
564912,3.0,0,1,0
564918,43.0,0,0,1
564919,24.0,0,1,0
564920,22.0,0,1,0
564921,21.0,0,0,1
564923,21.0,0,0,1
564924,21.0,0,1,0
564925,24.0,0,0,1
564926,36.0,0,1,0
564927,30.0,0,0,1
564928,29.0,0,0,1
564929,39.0,0,0,1
564930,31.0,0,0,1
564931,61.0,0,1,0
564932,38.0,0,1,0
564933,40.0,0,0,1
564934,24.0,0,1,0
564936,20.0,0,1,0
564937,3.0,0,0,1
564938,33.0,0,0,1
564942,33.0,0,0,1
564943,20.0,0,0,1
564944,22.0,0,1,0
564945,3.0,0,1,0
564952,10.0,0,1,0
564954,13.0,0,0,1
564958,18.0,0,1,0
564961,41.0,1,0,0
564965,5.0,0,1,0
564970,8.0,0,1,0
564974,8.0,0,1,0
564975,83.0,0,0,1
564976,6.0,0,1,0
564978,19.0,0,0,1
564979,38.0,0,1,0
564984,7.0,0,0,1
564986,1.0,0,0,1
564989,6.0,0,0,1
564992,8.0,1,0,0
564993,11.0,0,1,0
564996,22.0,0,1,0
564997,10.0,0,0,1
565000,40.0,0,1,0
565001,26.0,0,0,1
565005,26.0,0,0,1
565006,8.0,0,1,0
565008,17.0,0,1,0
565009,15.0,0,1,0
565012,10.0,1,0,0
565014,14.0,0,1,0
565015,6.0,0,1,0
565018,22.0,0,0,1
565019,25.0,0,1,0
565020,5.0,0,1,0
565024,10.0,0,1,0
565028,11.0,0,1,0
565031,13.0,0,1,0
565034,8.0,0,1,0
565035,23.0,0,1,0
565036,11.0,0,1,0
565050,17.0,0,0,1
565056,5.0,0,0,1
565057,26.0,0,1,0
565060,5.0,0,1,0
565063,19.0,0,0,1
565068,33.0,0,1,0
565073,22.0,1,0,0
565075,25.0,0,1,0
565078,10.0,0,1,0
565080,28.0,0,0,1
565083,35.0,0,1,0
565099,24.0,0,0,1
565100,33.0,0,0,1
565101,12.0,0,0,1
565102,35.0,0,0,1
565105,31.0,0,0,1
565107,63.0,0,1,0
565110,9.0,0,0,1
565111,27.0,0,1,0
565115,8.0,0,1,0
565117,10.0,0,1,0
565118,17.0,0,1,0
565124,5.0,0,0,1
565125,15.0,0,0,1
565128,57.0,0,0,1
565129,14.0,1,0,0
565131,49.0,0,1,0
565134,3.0,1,0,0
565136,21.0,1,0,0
565141,24.0,0,1,0
565142,23.0,0,1,0
565144,11.0,0,1,0
565146,3.0,0,0,1
565147,2.0,1,0,0
565148,2.0,1,0,0
565149,3.0,1,0,0
565153,8.0,1,0,0
565155,3.0,0,0,1
565156,34.0,1,0,0
565157,21.0,0,1,0
565159,19.0,1,0,0
565162,2.0,0,1,0
565165,83.0,1,0,0
565166,49.0,0,1,0
565167,38.0,0,1,0
565168,30.0,0,1,0
565170,38.0,0,1,0
565171,17.0,0,1,0
565173,27.0,0,0,1
565175,49.0,0,0,1
565182,38.0,0,1,0
565183,32.0,0,1,0
565187,33.0,1,0,0
565189,28.0,1,0,0
565190,25.0,1,0,0
565191,47.0,0,1,0
565192,55.0,1,0,0
565193,24.0,1,0,0
565194,34.0,1,0,0
565195,28.0,1,0,0
565196,29.0,0,1,0
565197,35.0,0,1,0
565198,20.0,1,0,0
565199,28.0,1,0,0
565200,17.0,1,0,0
565203,31.0,1,0,0
565212,28.0,1,0,0
565213,23.0,1,0,0
565229,48.0,1,0,0
565234,28.0,1,0,0
565236,48.0,0,0,1
565238,22.0,1,0,0
565239,19.0,1,0,0
565240,14.0,1,0,0
565242,22.0,1,0,0
565244,23.0,1,0,0
565245,21.0,1,0,0
565246,21.0,1,0,0
565247,33.0,1,0,0
565248,7.0,0,1,0
565250,18.0,0,1,0
565251,14.0,1,0,0
565252,29.0,1,0,0
565268,59.0,0,1,0
565270,54.0,1,0,0
565271,15.0,0,1,0
565273,21.0,1,0,0
565276,15.0,0,1,0
565277,14.0,0,1,0
565280,10.0,0,1,0
565281,29.0,0,0,1
565282,23.0,0,0,1
565283,24.0,0,1,0
565284,18.0,1,0,0
565286,17.0,0,1,0
565287,30.0,0,0,1
565288,23.0,0,1,0
565289,39.0,0,1,0
565290,23.0,0,0,1
565292,34.0,0,1,0
565293,35.0,0,0,1
565294,20.0,0,1,0
565295,19.0,0,1,0
565296,19.0,0,1,0
565297,11.0,0,1,0
565298,23.0,0,1,0
565299,37.0,0,1,0
565300,32.0,0,1,0
565301,31.0,0,1,0
565302,41.0,0,1,0
565303,30.0,0,0,1
565306,18.0,0,1,0
565308,15.0,0,1,0
565312,15.0,0,1,0
565317,18.0,0,1,0
565318,41.0,0,1,0
565322,14.0,0,1,0
565323,8.0,0,1,0
565327,8.0,0,1,0
565332,7.0,0,1,0
565357,26.0,0,0,1
565362,52.0,0,1,0
565364,16.0,1,0,0
565365,21.0,1,0,0
565369,51.0,0,0,1
565374,35.0,0,1,0
565375,22.0,0,1,0
565376,33.0,0,1,0
565378,18.0,0,0,1
565379,29.0,0,0,1
565381,16.0,0,1,0
565387,37.0,0,1,0
565389,35.0,0,1,0
565396,13.0,0,1,0
565397,22.0,0,1,0
565398,20.0,0,0,1
565399,24.0,0,0,1
565400,34.0,0,1,0
565401,21.0,0,0,1
565402,28.0,0,0,1
565403,28.0,0,1,0
565406,10.0,0,0,1
565409,5.0,0,0,1
565414,29.0,0,1,0
565415,37.0,0,1,0
565416,31.0,0,1,0
565424,31.0,1,0,0
565425,10.0,0,1,0
565429,19.0,0,1,0
565430,13.0,0,1,0
565432,13.0,0,0,1
565445,20.0,0,1,0
565448,16.0,0,1,0
565450,25.0,0,0,1
565451,35.0,0,0,1
565452,31.0,0,0,1
565453,37.0,0,1,0
565454,15.0,0,1,0
565455,29.0,1,0,0
565456,17.0,0,1,0
565457,20.0,0,1,0
565458,31.0,0,1,0
565459,6.0,1,0,0
565473,24.0,1,0,0
565481,19.0,0,1,0
565482,38.0,0,1,0
565485,39.0,0,1,0
565488,24.0,0,1,0
565489,18.0,0,1,0
565491,34.0,0,1,0
565492,16.0,0,1,0
565494,23.0,0,1,0
565496,11.0,1,0,0
565505,11.0,0,0,1
565511,3.0,1,0,0
565512,28.0,0,1,0
565514,10.0,1,0,0
565517,2.0,1,0,0
565520,17.0,0,0,1
565529,18.0,0,1,0
565535,3.0,1,0,0
565542,2.0,0,1,0
565543,31.0,0,1,0
565544,14.0,0,0,1
565555,5.0,1,0,0
565569,22.0,0,1,0
565571,29.0,0,0,1
565573,21.0,0,0,1
565577,25.0,0,0,1
565578,32.0,0,1,0
565581,17.0,0,1,0
565587,7.0,0,1,0
565594,9.0,0,0,1
565605,2.0,0,0,1
565607,7.0,0,1,0
565609,47.0,0,0,1
565610,7.0,0,1,0
565620,5.0,0,1,0
565623,3.0,0,0,1
565635,29.0,0,1,0
565636,22.0,0,1,0
565642,13.0,0,1,0
565646,30.0,0,0,1
565649,15.0,0,1,0
565653,4.0,0,1,0
565656,23.0,0,0,1
565657,3.0,0,0,1
565658,4.0,0,1,0
565661,12.0,0,1,0
565662,14.0,0,1,0
565667,12.0,0,0,1
565668,3.0,0,1,0
565670,16.0,0,0,1
565673,17.0,1,0,0
565678,19.0,0,0,1
565679,15.0,0,0,1
565680,3.0,0,0,1
565690,19.0,0,0,1
565697,2.0,0,0,1
565707,2.0,0,1,0
565709,8.0,0,0,1
565718,2.0,0,1,0
565722,8.0,0,0,1
565726,10.0,0,0,1
565732,0.0,0,0,1
565748,20.0,1,0,0
565750,39.0,1,0,0
565755,70.0,1,0,0
565757,64.0,1,0,0
565758,12.0,1,0,0
565759,17.0,1,0,0
565760,39.0,0,0,1
565761,19.0,1,0,0
565762,12.0,1,0,0
565763,11.0,1,0,0
565764,43.0,1,0,0
565765,60.0,1,0,0
565773,23.0,0,1,0
565774,23.0,0,1,0
565776,66.0,1,0,0
565777,26.0,0,1,0
565778,25.0,1,0,0
565780,75.0,1,0,0
565782,6.0,1,0,0
565786,24.0,1,0,0
565790,18.0,1,0,0
565796,8.0,0,0,1
565797,31.0,1,0,0
565801,20.0,0,1,0
565803,10.0,1,0,0
565804,53.0,0,1,0
565814,13.0,1,0,0
565815,10.0,1,0,0
565817,21.0,1,0,0
565819,8.0,1,0,0
565826,8.0,1,0,0
565828,6.0,1,0,0
565830,9.0,0,1,0
565834,61.0,0,0,1
565839,43.0,0,0,1
565842,45.0,0,0,1
565848,31.0,0,0,1
565849,26.0,0,0,1
565850,15.0,0,0,1
565854,21.0,0,1,0
565859,35.0,0,0,1
565863,20.0,1,0,0
565868,36.0,0,1,0
565869,31.0,1,0,0
565871,15.0,0,0,1
565873,23.0,0,0,1
565874,16.0,0,0,1
565876,6.0,1,0,0
565878,43.0,0,0,1
565880,43.0,0,1,0
565881,40.0,0,0,1
565882,32.0,0,1,0
565886,60.0,1,0,0
565894,25.0,1,0,0
565895,18.0,0,0,1
565897,13.0,0,0,1
565898,52.0,0,0,1
565899,21.0,0,1,0
565900,41.0,0,1,0
565904,16.0,0,0,1
565905,41.0,0,1,0
565908,6.0,0,0,1
565912,39.0,0,0,1
565913,34.0,0,1,0
565917,37.0,0,0,1
565929,33.0,0,0,1
565940,56.0,0,0,1
565943,45.0,0,0,1
565945,45.0,0,0,1
565949,30.0,0,0,1
565952,23.0,1,0,0
565955,34.0,0,1,0
565956,39.0,0,0,1
565960,15.0,0,0,1
565962,10.0,0,0,1
565964,20.0,1,0,0
565967,5.0,0,0,1
565974,39.0,0,0,1
565975,30.0,0,0,1
565982,18.0,0,0,1
565984,37.0,0,0,1
565987,17.0,0,1,0
565988,40.0,0,0,1
565990,26.0,0,0,1
565991,18.0,0,0,1
565992,18.0,0,1,0
565994,46.0,0,0,1
565995,25.0,0,1,0
565999,83.0,0,1,0
566001,37.0,0,0,1
566003,23.0,0,1,0
566005,7.0,0,0,1
566010,51.0,0,0,1
566012,24.0,1,0,0
566017,28.0,0,1,0
566019,35.0,0,0,1
566020,20.0,0,0,1
566021,18.0,0,0,1
566023,24.0,0,0,1
566024,21.0,0,1,0
566025,8.0,0,0,1
566027,6.0,1,0,0
566030,43.0,0,0,1
566041,32.0,1,0,0
566043,30.0,0,1,0
566045,38.0,1,0,0
566047,57.0,1,0,0
566049,37.0,0,1,0
566050,61.0,1,0,0
566052,37.0,0,0,1
566055,19.0,1,0,0
566056,47.0,1,0,0
566060,28.0,0,0,1
566061,51.0,0,1,0
566069,6.0,1,0,0
566070,33.0,0,0,1
566071,15.0,0,1,0
566076,11.0,1,0,0
566077,19.0,1,0,0
566079,7.0,0,1,0
566080,26.0,0,0,1
566081,10.0,0,1,0
566084,35.0,1,0,0
566085,31.0,1,0,0
566086,19.0,0,1,0
566087,15.0,1,0,0
566096,5.0,0,0,1
566097,37.0,0,1,0
566101,9.0,0,1,0
566104,18.0,0,1,0
566105,7.0,0,1,0
566108,7.0,0,1,0
566110,37.0,1,0,0
566111,3.0,1,0,0
566112,5.0,0,1,0
566113,54.0,1,0,0
566115,28.0,1,0,0
566117,6.0,0,0,1
566118,5.0,0,0,1
566121,7.0,1,0,0
566122,10.0,0,1,0
566123,32.0,1,0,0
566124,32.0,1,0,0
566125,21.0,1,0,0
566126,40.0,0,1,0
566127,25.0,1,0,0
566128,33.0,0,0,1
566130,19.0,1,0,0
566132,55.0,1,0,0
566133,18.0,1,0,0
566136,43.0,0,1,0
566137,12.0,1,0,0
566141,11.0,0,1,0
566142,13.0,1,0,0
566143,16.0,0,1,0
566151,34.0,0,1,0
566152,28.0,0,0,1
566153,27.0,0,1,0
566158,38.0,0,1,0
566163,8.0,0,0,1
566175,9.0,1,0,0
566178,6.0,0,1,0
566183,18.0,0,0,1
566184,31.0,0,1,0
566185,33.0,0,1,0
566186,8.0,0,1,0
566187,38.0,0,1,0
566188,20.0,1,0,0
566192,40.0,0,1,0
566193,39.0,0,1,0
566195,14.0,1,0,0
566198,10.0,1,0,0
566200,31.0,1,0,0
566201,35.0,0,1,0
566205,35.0,0,1,0
566206,6.0,0,1,0
566207,16.0,1,0,0
566208,33.0,0,0,1
566209,37.0,0,0,1
566210,32.0,0,1,0
566223,29.0,0,1,0
566225,18.0,1,0,0
566229,28.0,1,0,0
566230,18.0,1,0,0
566231,8.0,1,0,0
566233,5.0,0,1,0
566234,8.0,0,1,0
566235,18.0,0,1,0
566236,28.0,0,1,0
566240,26.0,1,0,0
566242,26.0,0,1,0
566245,7.0,0,1,0
566246,4.0,0,1,0
566248,2.0,1,0,0
566249,8.0,0,1,0
566250,3.0,1,0,0
566251,7.0,1,0,0
566252,6.0,1,0,0
566254,3.0,0,0,1
566257,20.0,0,1,0
566263,33.0,1,0,0
566268,23.0,0,1,0
566269,17.0,0,1,0
566270,10.0,1,0,0
566271,30.0,0,1,0
566273,24.0,0,1,0
566274,10.0,1,0,0
566275,49.0,1,0,0
566276,31.0,1,0,0
566277,53.0,1,0,0
566280,29.0,1,0,0
566282,41.0,1,0,0
566283,7.0,1,0,0
566284,10.0,1,0,0
566285,7.0,1,0,0
566286,8.0,1,0,0
566287,19.0,1,0,0
566288,33.0,0,1,0
566291,49.0,1,0,0
566292,46.0,1,0,0
566294,10.0,1,0,0
566295,55.0,1,0,0
566296,24.0,1,0,0
566297,67.0,1,0,0
566299,27.0,1,0,0
566302,7.0,1,0,0
566303,10.0,1,0,0
566307,29.0,1,0,0
566309,7.0,1,0,0
566316,31.0,1,0,0
566318,22.0,0,1,0
566319,38.0,0,1,0
566320,29.0,1,0,0
566322,9.0,1,0,0
566323,52.0,1,0,0
566324,15.0,0,1,0
566325,45.0,1,0,0
566326,8.0,1,0,0
566328,19.0,0,1,0
566332,24.0,0,1,0
566335,7.0,1,0,0
566336,26.0,0,1,0
566337,9.0,1,0,0
566338,15.0,0,0,1
566341,20.0,0,0,1
566346,35.0,0,1,0
566347,24.0,1,0,0
566354,46.0,0,1,0
566355,30.0,0,0,1
566356,28.0,0,1,0
566365,10.0,0,0,1
566368,13.0,0,1,0
566375,19.0,0,1,0
566379,24.0,0,1,0
566380,30.0,0,0,1
566382,10.0,0,1,0
566384,19.0,1,0,0
566387,20.0,0,1,0
566388,27.0,0,0,1
566390,10.0,0,1,0
566397,31.0,1,0,0
566400,34.0,0,0,1
566401,27.0,0,1,0
566404,19.0,0,1,0
566409,59.0,0,1,0
566410,16.0,0,1,0
566416,17.0,0,1,0
566418,9.0,1,0,0
566426,9.0,0,1,0
566428,10.0,0,1,0
566429,37.0,0,1,0
566443,50.0,0,1,0
566445,15.0,0,0,1
566448,36.0,0,1,0
566449,19.0,0,1,0
566454,7.0,0,1,0
566455,10.0,0,1,0
566456,18.0,0,1,0
566464,10.0,0,1,0
566465,25.0,1,0,0
566466,10.0,0,1,0
566467,37.0,0,1,0
566468,12.0,0,0,1
566474,9.0,0,0,1
566479,16.0,0,0,1
566481,20.0,0,1,0
566482,21.0,0,1,0
566484,20.0,0,0,1
566490,59.0,0,0,1
566491,23.0,0,0,1
566497,37.0,1,0,0
566503,17.0,1,0,0
566505,4.0,0,1,0
566507,2.0,0,1,0
566511,3.0,0,1,0
566512,12.0,0,0,1
566516,47.0,0,0,1
566517,31.0,0,1,0
566518,24.0,0,0,1
566519,49.0,0,0,1
566520,30.0,0,0,1
566521,26.0,0,0,1
566522,7.0,0,0,1
566523,21.0,0,0,1
566524,4.0,0,1,0
566526,33.0,0,0,1
566542,33.0,0,0,1
566551,19.0,0,0,1
566553,14.0,0,0,1
566555,18.0,0,0,1
566556,15.0,0,0,1
566557,49.0,1,0,0
566558,13.0,0,1,0
566559,7.0,0,1,0
566562,12.0,0,0,1
566564,12.0,0,1,0
566565,25.0,0,1,0
566566,11.0,0,0,1
566569,11.0,0,0,1
566572,5.0,0,1,0
566573,7.0,0,0,1
566579,7.0,0,1,0
566580,6.0,0,1,0
566581,22.0,0,1,0
566590,45.0,0,1,0
566591,6.0,0,0,1
566593,41.0,0,1,0
566594,27.0,0,0,1
566595,11.0,0,1,0
566596,26.0,0,0,1
566597,9.0,0,0,1
566598,5.0,0,0,1
566600,15.0,0,1,0
566601,19.0,0,1,0
566603,19.0,1,0,0
566606,11.0,1,0,0
566611,4.0,0,0,1
566612,6.0,0,0,1
566615,10.0,0,0,1
566620,12.0,0,1,0
566621,50.0,0,1,0
566622,16.0,0,0,1
566623,50.0,0,1,0
566624,30.0,0,0,1
566625,13.0,0,1,0
566626,12.0,0,0,1
566627,11.0,0,0,1
566637,4.0,0,0,1
566641,88.0,1,0,0
566651,40.0,0,0,1
566654,5.0,0,0,1
566656,19.0,0,1,0
566659,7.0,0,0,1
566660,5.0,0,0,1
566662,3.0,0,1,0
566663,5.0,0,1,0
566670,5.0,0,0,1
566671,16.0,0,0,1
566678,4.0,0,0,1
566680,9.0,0,0,1
566681,8.0,0,0,1
566682,4.0,0,0,1
566688,11.0,0,1,0
566693,11.0,0,1,0
566694,9.0,0,1,0
566697,10.0,0,1,0
566698,6.0,0,1,0
566700,9.0,0,1,0
566701,9.0,0,1,0
566708,68.0,0,1,0
566709,5.0,0,0,1
566711,8.0,0,1,0
566714,8.0,1,0,0
566715,9.0,0,1,0
566716,26.0,0,1,0
566718,21.0,1,0,0
566719,5.0,0,0,1
566720,3.0,0,1,0
566721,7.0,0,1,0
566725,23.0,1,0,0
566727,23.0,1,0,0
566732,73.0,1,0,0
566737,27.0,1,0,0
566742,7.0,1,0,0
566745,56.0,1,0,0
566746,37.0,1,0,0
566747,2.0,0,1,0
566749,14.0,0,1,0
566751,30.0,0,1,0
566755,6.0,0,0,1
566756,10.0,0,1,0
566758,42.0,0,0,1
566759,10.0,0,0,1
566760,30.0,1,0,0
566761,9.0,0,0,1
566762,13.0,0,1,0
566763,64.0,0,0,1
566766,5.0,0,1,0
566767,56.0,0,1,0
566770,6.0,0,1,0
566771,14.0,0,1,0
566772,12.0,0,1,0
566777,13.0,0,1,0
566779,7.0,0,1,0
566782,4.0,0,0,1
566783,7.0,0,1,0
566786,17.0,0,0,1
566788,9.0,1,0,0
566790,22.0,0,1,0
566791,12.0,0,1,0
566792,10.0,0,1,0
566800,7.0,1,0,0
566808,29.0,0,1,0
566810,5.0,0,0,1
566811,6.0,0,1,0
566812,15.0,0,0,1
566816,14.0,0,0,1
566817,10.0,0,1,0
566820,7.0,1,0,0
566821,28.0,0,0,1
566822,20.0,0,0,1
566826,49.0,0,0,1
566827,12.0,0,1,0
566828,66.0,1,0,0
566833,23.0,1,0,0
566835,37.0,0,0,1
566843,10.0,0,1,0
566844,7.0,0,0,1
566850,73.0,0,0,1
566852,11.0,0,0,1
566853,18.0,0,1,0
566854,63.0,0,0,1
566855,10.0,0,1,0
566858,11.0,1,0,0
566860,9.0,0,0,1
566861,6.0,0,1,0
566863,69.0,1,0,0
566864,11.0,0,1,0
566865,13.0,0,0,1
566867,53.0,0,0,1
566872,49.0,0,0,1
566873,20.0,0,1,0
566874,15.0,1,0,0
566875,11.0,0,1,0
566876,12.0,0,1,0
566887,7.0,0,0,1
566888,5.0,0,1,0
566889,10.0,0,1,0
566892,35.0,0,1,0
566896,29.0,0,0,1
566902,12.0,0,0,1
566905,4.0,0,0,1
566907,23.0,1,0,0
566914,49.0,0,0,1
566917,27.0,0,0,1
566919,52.0,0,1,0
566921,13.0,1,0,0
566923,3.0,0,0,1
566930,5.0,0,1,0
566931,3.0,0,0,1
566933,5.0,0,1,0
566940,21.0,0,1,0
566942,3.0,0,1,0
566943,3.0,0,1,0
566952,4.0,1,0,0
566953,0.0,0,1,0
566954,3.0,0,0,1
566956,30.0,0,1,0
566957,3.0,0,1,0
566962,2.0,0,1,0
566965,6.0,1,0,0
566967,2.0,0,1,0
566968,89.0,0,1,0
566969,27.0,0,1,0
566981,27.0,1,0,0
566982,33.0,1,0,0
566984,14.0,0,1,0
566986,14.0,1,0,0
566987,18.0,0,1,0
566988,6.0,1,0,0
566990,8.0,1,0,0
566991,7.0,1,0,0
566992,13.0,1,0,0
566993,9.0,1,0,0
566994,12.0,1,0,0
566995,8.0,1,0,0
566996,26.0,1,0,0
567001,14.0,0,1,0
567002,6.0,1,0,0
567004,26.0,1,0,0
567005,10.0,1,0,0
567009,9.0,1,0,0
567010,22.0,0,1,0
567014,7.0,0,1,0
567018,23.0,1,0,0
567019,30.0,1,0,0
567024,31.0,0,1,0
567025,13.0,0,0,1
567026,23.0,1,0,0
567029,16.0,0,1,0
567032,19.0,0,1,0
567035,31.0,0,1,0
567037,8.0,0,1,0
567044,23.0,0,1,0
567045,83.0,0,0,1
567047,33.0,0,1,0
567048,24.0,0,1,0
567053,29.0,0,1,0
567054,14.0,0,1,0
567058,10.0,0,0,1
567059,29.0,0,0,1
567060,27.0,0,1,0
567061,18.0,0,1,0
567062,15.0,0,1,0
567063,27.0,0,1,0
567064,32.0,0,1,0
567066,16.0,0,1,0
567068,8.0,0,1,0
567069,,1,0,0
567070,8.0,1,0,0
567072,9.0,1,0,0
567073,12.0,1,0,0
567075,4.0,0,0,1
567077,18.0,0,0,1
567085,20.0,0,0,1
567088,13.0,1,0,0
567089,32.0,0,1,0
567091,29.0,1,0,0
567093,21.0,0,1,0
567097,14.0,0,1,0
567101,9.0,0,1,0
567105,19.0,1,0,0
567108,8.0,1,0,0
567110,21.0,0,1,0
567115,17.0,0,1,0
567116,5.0,0,0,1
567117,28.0,0,0,1
567125,20.0,0,1,0
567128,63.0,0,1,0
567129,24.0,0,1,0
567136,6.0,0,0,1
567138,21.0,0,1,0
567140,13.0,0,1,0
567149,43.0,1,0,0
567157,33.0,0,1,0
567160,36.0,0,0,1
567162,22.0,0,1,0
567164,20.0,0,1,0
567165,20.0,0,0,1
567168,20.0,1,0,0
567169,20.0,0,0,1
567170,33.0,0,1,0
567173,29.0,1,0,0
567175,33.0,0,1,0
567177,19.0,0,1,0
567178,4.0,1,0,0
567182,31.0,0,0,1
567184,35.0,0,0,1
567186,27.0,0,0,1
567191,18.0,0,1,0
567192,29.0,0,1,0
567194,9.0,0,1,0
567200,7.0,0,1,0
567203,21.0,0,0,1
567212,24.0,1,0,0
567216,4.0,0,1,0
567217,14.0,0,1,0
567218,21.0,1,0,0
567219,13.0,0,0,1
567221,17.0,0,1,0
567222,22.0,0,1,0
567223,13.0,0,0,1
567225,10.0,0,0,1
567229,3.0,1,0,0
567235,14.0,0,1,0
567236,6.0,0,1,0
567240,7.0,0,1,0
567242,15.0,0,1,0
567247,4.0,1,0,0
567249,44.0,1,0,0
567250,32.0,0,1,0
567255,15.0,0,1,0
567256,11.0,0,1,0
567261,9.0,0,1,0
567277,15.0,0,0,1
567278,15.0,0,1,0
567279,33.0,0,0,1
567281,45.0,0,0,1
567283,16.0,0,0,1
567285,15.0,0,1,0
567286,25.0,0,1,0
567287,9.0,0,0,1
567291,19.0,0,1,0
567292,19.0,0,0,1
567293,8.0,0,0,1
567294,35.0,0,1,0
567298,37.0,0,0,1
567303,3.0,0,1,0
567309,39.0,0,0,1
567312,32.0,0,0,1
567313,22.0,0,0,1
567314,21.0,0,1,0
567318,3.0,0,1,0
567320,36.0,0,0,1
567322,15.0,0,1,0
567325,88.0,0,0,1
567328,11.0,0,0,1
567329,17.0,0,0,1
567331,23.0,0,0,1
567333,23.0,0,0,1
567336,1.0,0,0,1
567338,16.0,0,0,1
567339,15.0,0,0,1
567340,8.0,0,0,1
567341,33.0,0,0,1
567342,19.0,0,0,1
567343,24.0,0,0,1
567345,15.0,0,0,1
567346,15.0,0,1,0
567347,15.0,0,1,0
567348,22.0,0,0,1
567350,5.0,0,0,1
567354,15.0,0,1,0
567356,9.0,0,1,0
567358,19.0,0,1,0
567359,23.0,0,0,1
567360,23.0,0,1,0
567362,5.0,0,0,1
567363,19.0,0,0,1
567365,23.0,0,0,1
567367,3.0,0,0,1
567368,22.0,0,0,1
567369,16.0,0,0,1
567370,11.0,0,0,1
567371,9.0,0,0,1
567372,45.0,0,1,0
567373,15.0,1,0,0
567376,15.0,0,0,1
567378,10.0,0,1,0
567379,15.0,0,0,1
567383,19.0,0,0,1
567388,0.0,0,0,1
567389,23.0,0,0,1
567391,15.0,0,1,0
567393,22.0,0,0,1
567397,7.0,0,0,1
567399,14.0,0,1,0
567400,23.0,0,0,1
567403,5.0,0,0,1
567405,9.0,0,0,1
567406,8.0,0,1,0
567408,9.0,0,0,1
567409,17.0,0,0,1
567410,7.0,0,0,1
567417,9.0,0,0,1
567418,15.0,0,0,1
567419,12.0,0,0,1
567420,11.0,0,0,1
567421,9.0,0,0,1
567423,7.0,0,0,1
567426,2.0,0,0,1
567429,9.0,0,1,0
567431,15.0,0,0,1
567433,9.0,0,0,1
567434,8.0,0,0,1
567436,15.0,0,0,1
567438,3.0,0,0,1
567439,7.0,0,1,0
567441,5.0,0,0,1
567443,4.0,0,1,0
567444,31.0,0,0,1
567446,10.0,0,1,0
567448,8.0,0,0,1
567461,15.0,0,0,1
567463,3.0,0,1,0
567464,23.0,0,1,0
567470,15.0,0,0,1
567474,19.0,0,1,0
567486,15.0,0,1,0
567488,23.0,0,0,1
567504,3.0,0,1,0
567506,5.0,0,0,1
567509,19.0,0,0,1
567518,9.0,0,0,1
567524,21.0,0,0,1
567530,18.0,0,1,0
567534,17.0,0,0,1
567535,19.0,0,0,1
567537,23.0,0,1,0
567545,33.0,0,1,0
567546,3.0,0,0,1
567548,19.0,0,1,0
567555,8.0,0,0,1
567557,18.0,0,0,1
567560,9.0,0,1,0
567566,15.0,0,1,0
567567,15.0,0,1,0
567568,7.0,0,0,1
567569,1.0,0,1,0
567571,33.0,0,0,1
567572,5.0,0,1,0
567573,13.0,0,0,1
567579,17.0,0,0,1
567580,15.0,0,0,1
567581,17.0,0,1,0
567592,19.0,0,0,1
567593,2.0,1,0,0
567594,15.0,0,1,0
567595,1.0,0,0,1
567600,18.0,0,1,0
567602,2.0,0,1,0
567603,15.0,0,1,0
567608,26.0,0,1,0
567615,19.0,0,0,1
567617,15.0,0,0,1
567618,15.0,0,0,1
567621,15.0,0,0,1
567623,15.0,0,0,1
567625,15.0,0,0,1
567626,17.0,0,1,0
567627,2.0,0,1,0
567629,18.0,1,0,0
567630,14.0,1,0,0
567638,15.0,1,0,0
567642,33.0,1,0,0
567643,42.0,0,1,0
567647,10.0,1,0,0
567649,14.0,0,1,0
567652,36.0,0,1,0
567659,30.0,0,1,0
567660,35.0,0,1,0
567661,72.0,0,1,0
567665,35.0,0,0,1
567666,46.0,1,0,0
567671,35.0,0,1,0
567673,41.0,0,1,0
567674,78.0,1,0,0
567678,46.0,0,1,0
567680,32.0,1,0,0
567681,30.0,0,0,1
567684,31.0,0,1,0
567685,18.0,0,1,0
567693,8.0,0,1,0
567698,66.0,0,1,0
567701,40.0,0,1,0
567703,30.0,0,1,0
567704,27.0,0,1,0
567705,8.0,0,1,0
567708,24.0,0,0,1
567713,23.0,0,1,0
567714,23.0,0,1,0
567718,12.0,0,1,0
567721,12.0,0,0,1
567727,20.0,0,1,0
567728,22.0,1,0,0
567729,54.0,1,0,0
567730,31.0,0,0,1
567735,21.0,0,1,0
567740,18.0,0,1,0
567741,28.0,0,1,0
567742,28.0,0,1,0
567743,43.0,1,0,0
567745,10.0,0,1,0
567746,17.0,1,0,0
567748,22.0,0,1,0
567754,25.0,0,1,0
567756,32.0,0,0,1
567758,19.0,0,1,0
567762,16.0,0,1,0
567763,13.0,0,1,0
567766,23.0,0,1,0
567767,9.0,0,1,0
567770,34.0,0,1,0
567771,33.0,0,1,0
567772,10.0,0,1,0
567776,8.0,0,1,0
567777,11.0,0,1,0
567781,11.0,1,0,0
567782,13.0,0,0,1
567783,15.0,1,0,0
567785,19.0,0,1,0
567786,26.0,0,0,1
567789,15.0,0,1,0
567791,11.0,0,0,1
567795,40.0,0,1,0
567799,21.0,0,1,0
567805,18.0,0,0,1
567806,23.0,0,1,0
567809,41.0,0,0,1
567811,49.0,1,0,0
567816,17.0,1,0,0
567820,15.0,0,0,1
567821,28.0,1,0,0
567827,7.0,0,0,1
567834,13.0,1,0,0
567836,13.0,0,1,0
567838,14.0,0,1,0
567843,12.0,0,0,1
567848,22.0,0,0,1
567849,9.0,0,1,0
567853,23.0,0,1,0
567856,9.0,0,1,0
567858,12.0,0,1,0
567864,23.0,0,0,1
567867,11.0,0,0,1
567871,41.0,0,1,0
567874,15.0,0,1,0
567879,25.0,0,1,0
567880,38.0,1,0,0
567881,16.0,0,1,0
567883,29.0,0,1,0
567884,5.0,0,1,0
567885,6.0,0,1,0
567888,58.0,0,1,0
567889,25.0,0,0,1
567893,24.0,0,0,1
567897,21.0,0,0,1
567898,56.0,0,0,1
567899,22.0,0,0,1
567900,15.0,0,0,1
567901,26.0,0,0,1
567902,17.0,0,0,1
567903,20.0,0,0,1
567904,32.0,0,1,0
567905,10.0,0,0,1
567906,10.0,0,0,1
567907,14.0,0,0,1
567908,10.0,0,0,1
567909,9.0,0,0,1
567916,31.0,1,0,0
567918,21.0,0,0,1
567919,5.0,0,1,0
567923,44.0,0,1,0
567925,46.0,0,1,0
567926,15.0,0,1,0
567928,35.0,0,0,1
567933,29.0,0,1,0
567934,18.0,0,0,1
567939,7.0,1,0,0
567940,21.0,1,0,0
567941,1.0,0,0,1
567946,10.0,0,0,1
567951,24.0,0,1,0
567956,43.0,1,0,0
567958,18.0,0,1,0
567959,12.0,0,1,0
567960,15.0,0,1,0
567964,33.0,0,1,0
567965,27.0,0,1,0
567968,44.0,0,0,1
567974,3.0,0,1,0
567978,25.0,1,0,0
567979,5.0,0,1,0
567994,45.0,0,0,1
567995,15.0,0,1,0
567997,3.0,0,0,1
568000,8.0,0,1,0
568002,7.0,0,1,0
568003,5.0,0,1,0
568004,12.0,1,0,0
568008,49.0,1,0,0
568009,28.0,1,0,0
568011,15.0,0,0,1
568015,19.0,0,1,0
568018,16.0,1,0,0
568020,12.0,0,1,0
568024,9.0,1,0,0
568025,10.0,1,0,0
568026,10.0,0,1,0
568028,11.0,0,1,0
568031,9.0,0,1,0
568034,8.0,1,0,0
568037,9.0,1,0,0
568039,8.0,0,1,0
568040,3.0,0,1,0
568046,2.0,1,0,0
568047,10.0,1,0,0
568052,11.0,0,1,0
568053,30.0,0,1,0
568054,48.0,1,0,0
568059,10.0,1,0,0
568060,9.0,0,1,0
568061,27.0,0,1,0
568064,28.0,0,1,0
568066,6.0,0,1,0
568071,24.0,0,0,1
568072,8.0,0,1,0
568074,15.0,0,0,1
568075,14.0,0,1,0
568076,18.0,0,0,1
568078,14.0,0,1,0
568081,9.0,0,1,0
568089,7.0,0,0,1
568090,53.0,0,1,0
568091,34.0,0,0,1
568093,19.0,0,1,0
568096,53.0,0,1,0
568099,23.0,0,1,0
568104,15.0,0,1,0
568106,37.0,0,1,0
568109,19.0,1,0,0
568110,9.0,1,0,0
568114,16.0,0,0,1
568117,9.0,0,1,0
568118,8.0,1,0,0
568120,23.0,0,1,0
568122,22.0,0,1,0
568124,8.0,0,0,1
568128,21.0,0,1,0
568129,7.0,0,0,1
568133,6.0,0,1,0
568142,16.0,0,0,1
568143,33.0,0,1,0
568153,34.0,0,0,1
568158,10.0,0,0,1
568159,8.0,0,1,0
568161,28.0,1,0,0
568165,6.0,1,0,0
568166,5.0,0,1,0
568168,6.0,0,1,0
568173,10.0,1,0,0
568175,5.0,0,0,1
568183,76.0,1,0,0
568184,23.0,0,1,0
568190,2.0,0,1,0
568191,29.0,0,1,0
568195,29.0,0,0,1
568200,3.0,0,1,0
568202,3.0,1,0,0
568207,48.0,1,0,0
568210,8.0,1,0,0
568211,7.0,0,1,0
568213,15.0,1,0,0
568216,7.0,1,0,0
568218,10.0,1,0,0
568219,10.0,1,0,0
568223,7.0,0,1,0
568225,8.0,1,0,0
568226,7.0,1,0,0
568228,3.0,1,0,0
568229,30.0,1,0,0
568231,13.0,1,0,0
568234,8.0,1,0,0
568235,6.0,1,0,0
568237,6.0,1,0,0
568238,8.0,1,0,0
568245,7.0,1,0,0
568251,4.0,1,0,0
568253,8.0,1,0,0
568256,4.0,1,0,0
568268,9.0,1,0,0
568273,27.0,1,0,0
568276,10.0,0,0,1
568280,7.0,1,0,0
568286,34.0,0,0,1
568288,9.0,0,0,1
568289,8.0,1,0,0
568293,13.0,0,0,1
568296,8.0,0,0,1
568303,7.0,1,0,0
568305,12.0,1,0,0
568306,7.0,1,0,0
568307,10.0,0,1,0
568309,10.0,0,1,0
568310,9.0,1,0,0
568311,34.0,0,1,0
568312,11.0,1,0,0
568313,12.0,0,0,1
568314,3.0,1,0,0
568317,2.0,0,1,0
568320,8.0,0,1,0
568324,8.0,0,1,0
568325,6.0,0,1,0
568328,7.0,0,1,0
568332,5.0,1,0,0
568336,4.0,0,1,0
568345,8.0,0,1,0
568351,9.0,1,0,0
568353,3.0,1,0,0
568355,5.0,0,1,0
568357,8.0,0,1,0
568358,18.0,0,1,0
568359,6.0,1,0,0
568360,4.0,1,0,0
568361,7.0,0,1,0
568363,3.0,0,0,1
568366,5.0,1,0,0
568367,3.0,1,0,0
568369,3.0,1,0,0
568371,5.0,0,0,1
568373,3.0,0,1,0
568374,13.0,1,0,0
568376,3.0,0,0,1
568378,3.0,0,1,0
568380,2.0,0,1,0
568382,32.0,0,0,1
568384,8.0,1,0,0
568390,3.0,0,1,0
568392,16.0,0,1,0
568396,5.0,0,1,0
568401,9.0,0,1,0
568402,5.0,0,1,0
568407,30.0,1,0,0
568409,42.0,1,0,0
568410,42.0,1,0,0
568411,43.0,1,0,0
568419,28.0,1,0,0
568420,18.0,1,0,0
568422,20.0,1,0,0
568424,53.0,1,0,0
568426,15.0,1,0,0
568432,32.0,1,0,0
568433,19.0,1,0,0
568439,45.0,1,0,0
568441,35.0,1,0,0
568443,12.0,1,0,0
568444,26.0,1,0,0
568446,12.0,1,0,0
568448,31.0,1,0,0
568451,17.0,1,0,0
568453,24.0,1,0,0
568454,22.0,1,0,0
568456,15.0,1,0,0
568457,14.0,1,0,0
568458,32.0,1,0,0
568459,26.0,0,1,0
568460,35.0,1,0,0
568461,35.0,1,0,0
568462,17.0,1,0,0
568463,24.0,1,0,0
568465,18.0,1,0,0
568466,27.0,1,0,0
568467,49.0,1,0,0
568468,34.0,1,0,0
568470,46.0,1,0,0
568473,12.0,0,1,0
568474,23.0,0,1,0
568479,24.0,1,0,0
568482,23.0,0,1,0
568486,23.0,0,1,0
568487,8.0,0,1,0
568499,33.0,0,1,0
568502,21.0,0,0,1
568505,46.0,1,0,0
568511,28.0,0,0,1
568512,37.0,0,0,1
568515,5.0,0,0,1
568518,7.0,1,0,0
568526,11.0,0,1,0
568555,11.0,0,1,0
568560,21.0,0,1,0
568561,19.0,0,1,0
568564,13.0,0,1,0
568568,13.0,0,1,0
568571,38.0,0,1,0
568573,55.0,0,0,1
568574,60.0,0,1,0
568577,15.0,0,1,0
568578,12.0,0,1,0
568581,11.0,0,0,1
568585,33.0,1,0,0
568588,26.0,0,1,0
568592,13.0,0,1,0
568595,35.0,0,1,0
568600,52.0,0,0,1
568601,36.0,0,0,1
568603,24.0,1,0,0
568606,6.0,0,0,1
568608,59.0,0,0,1
568609,22.0,1,0,0
568610,48.0,0,1,0
568611,31.0,0,1,0
568612,9.0,0,1,0
568613,25.0,0,0,1
568616,34.0,1,0,0
568617,36.0,0,0,1
568618,6.0,0,1,0
568619,15.0,0,1,0
568621,46.0,1,0,0
568623,31.0,1,0,0
568626,18.0,0,0,1
568627,35.0,0,0,1
568628,29.0,0,0,1
568629,11.0,0,0,1
568630,6.0,1,0,0
568631,12.0,0,1,0
568632,10.0,0,1,0
568634,18.0,0,1,0
568637,14.0,0,0,1
568640,15.0,1,0,0
568643,11.0,0,1,0
568651,3.0,0,0,1
568652,22.0,0,1,0
568653,38.0,0,0,1
568657,5.0,0,1,0
568658,14.0,0,1,0
568664,18.0,1,0,0
568665,33.0,0,1,0
568667,41.0,0,0,1
568670,19.0,0,1,0
568671,48.0,0,0,1
568676,16.0,1,0,0
568677,10.0,0,0,1
568679,26.0,0,1,0
568681,13.0,0,1,0
568688,21.0,0,0,1
568689,18.0,0,0,1
568690,49.0,0,1,0
568691,56.0,0,0,1
568693,12.0,1,0,0
568695,13.0,0,1,0
568698,14.0,0,1,0
568706,6.0,0,0,1
568713,14.0,0,1,0
568714,41.0,0,0,1
568715,27.0,0,0,1
568717,12.0,0,1,0
568720,28.0,0,1,0
568734,33.0,0,1,0
568735,18.0,0,1,0
568738,30.0,1,0,0
568742,20.0,0,0,1
568747,24.0,0,1,0
568748,18.0,0,0,1
568749,41.0,0,0,1
568754,46.0,1,0,0
568758,21.0,0,0,1
568763,32.0,0,0,1
568766,16.0,0,0,1
568768,16.0,0,1,0
568770,34.0,0,0,1
568771,35.0,0,1,0
568772,12.0,0,1,0
568773,16.0,0,1,0
568774,12.0,0,1,0
568775,6.0,0,1,0
568777,3.0,0,0,1
568778,16.0,0,1,0
568781,18.0,0,1,0
568782,14.0,0,1,0
568785,7.0,0,1,0
568787,20.0,0,1,0
568788,18.0,1,0,0
568789,23.0,1,0,0
568794,47.0,1,0,0
568799,6.0,1,0,0
568800,9.0,1,0,0
568804,20.0,1,0,0
568805,20.0,0,0,1
568806,9.0,1,0,0
568809,17.0,0,1,0
568811,57.0,1,0,0
568813,6.0,1,0,0
568815,21.0,1,0,0
568823,16.0,1,0,0
568826,53.0,1,0,0
568828,7.0,1,0,0
568829,32.0,1,0,0
568830,44.0,1,0,0
568833,24.0,1,0,0
568834,11.0,1,0,0
568836,7.0,1,0,0
568837,10.0,1,0,0
568841,6.0,1,0,0
568842,21.0,1,0,0
568843,8.0,1,0,0
568845,10.0,1,0,0
568850,10.0,0,1,0
568851,21.0,0,1,0
568852,6.0,0,1,0
568853,15.0,1,0,0
568856,46.0,1,0,0
568857,9.0,1,0,0
568862,22.0,1,0,0
568866,62.0,1,0,0
568867,49.0,1,0,0
568873,16.0,1,0,0
568877,30.0,1,0,0
568878,15.0,1,0,0
568879,65.0,1,0,0
568885,57.0,1,0,0
568889,17.0,1,0,0
568890,19.0,1,0,0
568892,11.0,1,0,0
568893,19.0,1,0,0
568897,12.0,0,1,0
568899,8.0,1,0,0
568900,8.0,1,0,0
568902,12.0,1,0,0
568903,45.0,1,0,0
568904,47.0,1,0,0
568905,9.0,1,0,0
568906,9.0,1,0,0
568910,33.0,0,1,0
568931,17.0,1,0,0
568933,36.0,0,1,0
568937,18.0,1,0,0
568938,20.0,1,0,0
568942,23.0,1,0,0
568954,17.0,0,1,0
568957,16.0,0,1,0
568958,31.0,0,1,0
568961,18.0,0,1,0
568963,18.0,0,0,1
568966,18.0,0,1,0
568969,10.0,0,1,0
568970,21.0,0,0,1
568976,32.0,0,1,0
568977,17.0,0,0,1
568979,8.0,0,1,0
568980,18.0,0,0,1
568983,6.0,1,0,0
568987,12.0,0,1,0
568988,21.0,0,1,0
568989,16.0,1,0,0
568992,18.0,0,1,0
568993,5.0,0,1,0
568994,7.0,0,1,0
568995,20.0,0,1,0
568996,10.0,1,0,0
568998,7.0,0,1,0
569002,7.0,0,1,0
569007,13.0,1,0,0
569009,9.0,0,1,0
569014,8.0,0,1,0
569015,11.0,0,1,0
569018,15.0,0,1,0
569020,34.0,0,1,0
569030,3.0,0,1,0
569031,23.0,0,0,1
569032,31.0,0,1,0
569033,27.0,1,0,0
569036,8.0,0,0,1
569038,18.0,0,0,1
569041,16.0,0,1,0
569042,11.0,0,0,1
569044,11.0,0,1,0
569047,29.0,1,0,0
569048,29.0,0,0,1
569049,32.0,1,0,0
569050,37.0,1,0,0
569052,21.0,0,1,0
569056,6.0,0,1,0
569058,31.0,1,0,0
569061,4.0,0,1,0
569068,24.0,1,0,0
569071,42.0,0,1,0
569074,39.0,1,0,0
569076,19.0,0,1,0
569077,17.0,1,0,0
569080,27.0,0,0,1
569085,15.0,0,0,1
569090,9.0,1,0,0
569093,22.0,1,0,0
569095,19.0,1,0,0
569096,19.0,1,0,0
569097,24.0,0,0,1
569102,60.0,1,0,0
569105,23.0,1,0,0
569107,44.0,0,1,0
569114,15.0,0,1,0
569116,11.0,0,0,1
569120,9.0,0,1,0
569123,4.0,0,0,1
569124,28.0,1,0,0
569127,4.0,1,0,0
569130,1.0,1,0,0
569144,15.0,1,0,0
569145,4.0,0,1,0
569148,10.0,1,0,0
569150,11.0,1,0,0
569152,5.0,1,0,0
569155,30.0,0,1,0
569157,3.0,0,1,0
569158,2.0,0,1,0
569159,35.0,0,1,0
569160,5.0,1,0,0
569161,12.0,1,0,0
569162,33.0,1,0,0
569163,2.0,1,0,0
569167,32.0,1,0,0
569169,39.0,0,1,0
569170,51.0,1,0,0
569172,7.0,1,0,0
569178,31.0,1,0,0
569180,24.0,1,0,0
569182,25.0,0,1,0
569187,27.0,1,0,0
569188,41.0,1,0,0
569190,40.0,1,0,0
569192,22.0,1,0,0
569193,27.0,1,0,0
569196,29.0,0,1,0
569200,6.0,1,0,0
569201,43.0,1,0,0
569202,25.0,0,1,0
569203,7.0,1,0,0
569205,16.0,0,0,1
569206,27.0,0,1,0
569209,65.0,0,1,0
569213,14.0,1,0,0
569216,22.0,0,1,0
569218,38.0,0,1,0
569223,10.0,0,1,0
569225,25.0,0,1,0
569227,40.0,0,1,0
569229,15.0,1,0,0
569238,5.0,0,1,0
569241,22.0,0,1,0
569242,15.0,0,1,0
569246,34.0,0,1,0
569260,24.0,0,0,1
569261,35.0,0,1,0
569262,51.0,0,1,0
569269,13.0,0,1,0
569270,33.0,1,0,0
569271,12.0,0,1,0
569274,30.0,0,1,0
569275,43.0,0,1,0
569278,6.0,0,0,1
569285,19.0,0,0,1
569287,46.0,0,1,0
569289,28.0,0,0,1
569298,46.0,0,1,0
569300,29.0,0,1,0
569301,25.0,0,0,1
569303,28.0,0,1,0
569311,68.0,1,0,0
569317,7.0,0,1,0
569319,57.0,0,1,0
569320,37.0,0,0,1
569323,28.0,0,1,0
569324,23.0,0,0,1
569328,24.0,0,0,1
569331,9.0,0,0,1
569332,18.0,0,1,0
569335,37.0,0,1,0
569337,61.0,0,1,0
569338,37.0,0,0,1
569340,19.0,0,1,0
569344,40.0,0,1,0
569350,38.0,0,0,1
569351,46.0,0,0,1
569353,34.0,0,1,0
569359,19.0,0,1,0
569361,27.0,1,0,0
569363,33.0,0,0,1
569369,55.0,0,0,1
569375,43.0,0,1,0
569377,39.0,0,1,0
569379,55.0,0,1,0
569381,29.0,0,0,1
569384,12.0,1,0,0
569386,23.0,0,1,0
569388,34.0,0,0,1
569391,8.0,0,1,0
569392,53.0,0,0,1
569395,9.0,0,1,0
569397,26.0,0,1,0
569399,18.0,0,0,1
569400,7.0,0,1,0
569402,9.0,0,1,0
569403,22.0,0,1,0
569407,11.0,0,1,0
569408,23.0,1,0,0
569409,5.0,0,0,1
569410,11.0,0,1,0
569413,17.0,0,1,0
569414,18.0,0,1,0
569415,27.0,1,0,0
569416,28.0,1,0,0
569418,34.0,0,1,0
569421,15.0,0,0,1
569422,2.0,0,1,0
569428,32.0,0,1,0
569432,23.0,0,0,1
569434,17.0,0,1,0
569437,26.0,0,0,1
569439,4.0,0,0,1
569440,9.0,0,1,0
569442,61.0,1,0,0
569443,55.0,0,0,1
569446,7.0,0,1,0
569447,8.0,0,0,1
569448,21.0,0,1,0
569450,18.0,0,1,0
569451,12.0,0,1,0
569452,62.0,1,0,0
569459,10.0,0,1,0
569461,42.0,1,0,0
569464,48.0,1,0,0
569465,43.0,0,1,0
569468,28.0,0,0,1
569473,24.0,0,1,0
569474,43.0,0,1,0
569475,8.0,0,0,1
569479,18.0,0,0,1
569480,29.0,0,1,0
569481,24.0,0,1,0
569483,33.0,0,1,0
569485,29.0,0,1,0
569488,51.0,0,1,0
569489,13.0,0,0,1
569493,13.0,0,1,0
569496,14.0,0,1,0
569500,43.0,0,0,1
569501,19.0,0,1,0
569504,8.0,0,0,1
569509,24.0,0,0,1
569511,30.0,0,1,0
569512,28.0,1,0,0
569515,71.0,0,1,0
569520,25.0,0,1,0
569523,51.0,1,0,0
569524,15.0,0,1,0
569526,28.0,1,0,0
569532,27.0,0,0,1
569534,12.0,0,1,0
569535,33.0,0,1,0
569536,18.0,0,0,1
569538,2.0,0,1,0
569543,48.0,0,0,1
569544,14.0,1,0,0
569546,23.0,0,1,0
569548,47.0,1,0,0
569563,18.0,1,0,0
569565,10.0,1,0,0
569566,33.0,1,0,0
569567,4.0,0,0,1
569570,12.0,1,0,0
569571,19.0,1,0,0
569579,49.0,1,0,0
569580,43.0,0,1,0
569581,8.0,1,0,0
569587,16.0,1,0,0
569589,21.0,1,0,0
569591,17.0,1,0,0
569592,13.0,0,1,0
569594,28.0,0,1,0
569596,13.0,1,0,0
569597,10.0,1,0,0
569599,5.0,1,0,0
569600,25.0,1,0,0
569601,21.0,1,0,0
569604,11.0,0,1,0
569605,10.0,0,1,0
569607,12.0,1,0,0
569609,9.0,1,0,0
569612,7.0,1,0,0
569613,5.0,0,1,0
569614,7.0,1,0,0
569615,28.0,1,0,0
569616,11.0,1,0,0
569617,25.0,0,1,0
569618,37.0,0,1,0
569619,4.0,0,1,0
569620,8.0,1,0,0
569621,22.0,1,0,0
569622,12.0,0,1,0
569625,28.0,1,0,0
569632,9.0,0,1,0
569636,11.0,0,1,0
569637,23.0,0,0,1
569638,17.0,0,1,0
569642,11.0,0,1,0
569648,48.0,0,1,0
569671,8.0,0,1,0
569684,32.0,0,1,0
569687,31.0,1,0,0
569692,8.0,0,1,0
569693,34.0,0,1,0
569694,4.0,0,0,1
569700,9.0,0,1,0
569704,30.0,1,0,0
569708,28.0,0,1,0
569711,59.0,0,1,0
569713,23.0,0,1,0
569714,23.0,0,1,0
569715,21.0,0,1,0
569716,22.0,0,1,0
569718,21.0,0,1,0
569720,12.0,0,1,0
569721,7.0,0,1,0
569722,21.0,1,0,0
569723,1.0,0,1,0
569726,18.0,0,1,0
569728,32.0,0,1,0
569730,53.0,0,1,0
569732,17.0,0,1,0
569734,12.0,0,1,0
569735,17.0,0,1,0
569738,19.0,0,1,0
569740,15.0,0,1,0
569742,7.0,1,0,0
569743,18.0,0,1,0
569744,46.0,0,1,0
569750,18.0,0,1,0
569770,18.0,0,1,0
569775,42.0,0,1,0
569777,34.0,1,0,0
569778,21.0,0,1,0
569781,11.0,0,1,0
569782,29.0,0,1,0
569783,16.0,0,1,0
569786,4.0,0,0,1
569788,20.0,0,1,0
569789,7.0,0,1,0
569790,13.0,0,1,0
569792,17.0,0,1,0
569793,15.0,0,0,1
569794,12.0,0,1,0
569796,10.0,1,0,0
569797,28.0,0,1,0
569801,18.0,1,0,0
569802,2.0,0,1,0
569803,21.0,0,1,0
569805,15.0,1,0,0
569806,21.0,0,0,1
569807,8.0,0,1,0
569809,27.0,1,0,0
569811,23.0,1,0,0
569812,27.0,0,1,0
569814,21.0,0,1,0
569815,17.0,0,1,0
569819,57.0,0,0,1
569820,7.0,0,1,0
569822,12.0,0,1,0
569823,16.0,0,0,1
569824,48.0,1,0,0
569825,35.0,0,0,1
569831,13.0,0,1,0
569832,8.0,0,1,0
569834,6.0,0,1,0
569835,12.0,0,1,0
569836,5.0,0,1,0
569838,18.0,1,0,0
569840,8.0,0,1,0
569841,4.0,0,1,0
569848,4.0,0,1,0
569850,10.0,0,1,0
569856,11.0,1,0,0
569857,41.0,0,1,0
569863,22.0,0,1,0
569865,11.0,0,1,0
569869,24.0,0,1,0
569871,24.0,0,1,0
569872,23.0,0,1,0
569873,16.0,0,1,0
569876,34.0,0,1,0
569878,31.0,0,1,0
569884,21.0,0,1,0
569885,11.0,0,1,0
569886,31.0,1,0,0
569888,21.0,0,0,1
569889,7.0,0,1,0
569890,26.0,0,1,0
569891,18.0,1,0,0
569894,48.0,0,1,0
569895,8.0,0,1,0
569896,23.0,0,1,0
569898,10.0,1,0,0
569903,4.0,0,1,0
569906,20.0,0,1,0
569910,3.0,0,1,0
569913,3.0,0,1,0
569915,4.0,0,1,0
569917,10.0,0,1,0
569919,3.0,0,1,0
569922,3.0,0,1,0
569927,2.0,1,0,0
569928,7.0,0,1,0
569932,37.0,1,0,0
569933,0.0,0,0,1
569934,26.0,1,0,0
569937,53.0,1,0,0
569938,30.0,1,0,0
569939,23.0,1,0,0
569941,8.0,1,0,0
569942,18.0,1,0,0
569943,17.0,1,0,0
569952,22.0,1,0,0
569953,10.0,1,0,0
569954,7.0,1,0,0
569958,26.0,1,0,0
569959,35.0,1,0,0
569961,35.0,1,0,0
569965,22.0,1,0,0
569967,44.0,1,0,0
569969,12.0,0,1,0
569972,8.0,1,0,0
569977,39.0,1,0,0
569979,13.0,0,0,1
569993,6.0,0,0,1
569999,3.0,0,0,1
570000,7.0,0,0,1
570005,31.0,0,0,1
570011,28.0,1,0,0
570015,8.0,0,1,0
570019,15.0,0,1,0
570020,2.0,0,0,1
570043,23.0,0,1,0
570045,20.0,0,1,0
570046,38.0,0,1,0
570049,38.0,0,0,1
570050,21.0,0,1,0
570051,6.0,0,1,0
570052,10.0,0,1,0
570058,5.0,0,1,0
570060,4.0,0,1,0
570067,3.0,0,0,1
570068,65.0,0,1,0
570070,25.0,0,1,0
570071,1.0,0,0,1
570073,18.0,0,1,0
570076,15.0,1,0,0
570077,7.0,0,0,1
570079,18.0,0,1,0
570081,8.0,0,0,1
570082,15.0,0,0,1
570083,32.0,0,1,0
570084,13.0,1,0,0
570085,24.0,1,0,0
570087,7.0,0,1,0
570089,31.0,0,0,1
570092,17.0,1,0,0
570093,2.0,0,0,1
570094,19.0,0,0,1
570096,16.0,0,0,1
570097,8.0,0,1,0
570100,15.0,0,1,0
570101,1.0,1,0,0
570104,11.0,0,1,0
570105,24.0,0,1,0
570106,2.0,0,0,1
570109,1.0,0,0,1
570110,22.0,0,1,0
570113,15.0,0,0,1
570114,3.0,0,0,1
570116,8.0,0,0,1
570117,7.0,0,1,0
570126,19.0,0,1,0
570129,11.0,0,0,1
570131,11.0,0,1,0
570132,10.0,0,0,1
570133,7.0,0,0,1
570134,6.0,0,0,1
570136,4.0,0,1,0
570144,5.0,0,0,1
570145,4.0,0,1,0
570146,4.0,0,1,0
570150,6.0,0,1,0
570156,11.0,1,0,0
570159,20.0,0,1,0
570160,18.0,0,0,1
570161,18.0,0,1,0
570162,9.0,0,0,1
570165,18.0,0,0,1
570166,16.0,0,0,1
570167,12.0,0,0,1
570168,12.0,0,0,1
570172,13.0,0,0,1
570173,18.0,0,0,1
570174,15.0,0,0,1
570175,15.0,0,0,1
570177,14.0,0,0,1
570179,17.0,0,1,0
570181,10.0,0,0,1
570183,6.0,1,0,0
570195,8.0,0,0,1
570196,6.0,0,0,1
570199,12.0,0,1,0
570200,10.0,1,0,0
570202,30.0,0,0,1
570205,6.0,1,0,0
570211,1.0,0,1,0
570216,38.0,0,1,0
570217,14.0,0,0,1
570222,28.0,1,0,0
570223,3.0,0,1,0
570224,17.0,1,0,0
570225,13.0,1,0,0
570227,13.0,0,1,0
570228,18.0,0,0,1
570230,3.0,0,1,0
570231,23.0,0,0,1
570237,23.0,0,0,1
570239,1.0,0,1,0
570242,15.0,0,1,0
570245,11.0,1,0,0
570246,7.0,0,0,1
570249,18.0,0,1,0
570250,29.0,0,1,0
570251,2.0,0,0,1
570252,22.0,0,0,1
570258,14.0,0,1,0
570260,31.0,0,1,0
570263,3.0,0,0,1
570267,15.0,1,0,0
570268,4.0,0,1,0
570269,5.0,0,1,0
570271,2.0,0,0,1
570272,2.0,0,0,1
570273,2.0,0,0,1
570275,30.0,0,1,0
570279,4.0,0,1,0
570280,7.0,0,0,1
570281,8.0,0,1,0
570283,2.0,1,0,0
570284,2.0,0,0,1
570285,29.0,0,0,1
570290,2.0,0,1,0
570291,21.0,0,1,0
570292,2.0,0,0,1
570296,3.0,0,1,0
570301,2.0,0,0,1
570302,1.0,0,1,0
570305,1.0,0,1,0
570308,3.0,0,0,1
570309,3.0,0,1,0
570314,3.0,0,0,1
570317,9.0,0,1,0
570318,40.0,1,0,0
570319,10.0,0,1,0
570326,14.0,1,0,0
570331,15.0,1,0,0
570334,9.0,0,1,0
570336,12.0,0,1,0
570341,19.0,1,0,0
570343,15.0,1,0,0
570345,13.0,1,0,0
570346,18.0,0,1,0
570347,16.0,1,0,0
570348,15.0,1,0,0
570349,30.0,0,1,0
570350,15.0,1,0,0
570358,14.0,1,0,0
570359,10.0,0,1,0
570360,23.0,1,0,0
570361,23.0,0,1,0
570362,8.0,0,1,0
570363,6.0,1,0,0
570366,12.0,0,1,0
570367,10.0,1,0,0
570372,13.0,0,1,0
570375,18.0,1,0,0
570376,83.0,1,0,0
570379,10.0,0,1,0
570381,8.0,0,1,0
570382,42.0,1,0,0
570386,11.0,0,0,1
570388,11.0,0,1,0
570390,6.0,0,1,0
570391,12.0,0,1,0
570404,28.0,0,1,0
570408,16.0,1,0,0
570410,12.0,0,1,0
570411,22.0,0,1,0
570420,33.0,0,0,1
570421,19.0,1,0,0
570423,23.0,0,1,0
570426,12.0,0,1,0
570428,13.0,1,0,0
570433,13.0,1,0,0
570436,12.0,0,1,0
570439,13.0,0,1,0
570443,12.0,1,0,0
570449,33.0,0,0,1
570450,13.0,0,1,0
570462,13.0,0,1,0
570465,11.0,0,1,0
570467,13.0,1,0,0
570468,10.0,0,0,1
570470,29.0,0,1,0
570472,15.0,0,0,1
570475,7.0,1,0,0
570476,4.0,0,0,1
570477,44.0,1,0,0
570478,18.0,0,1,0
570479,9.0,0,1,0
570481,12.0,1,0,0
570482,7.0,0,1,0
570483,24.0,0,1,0
570486,13.0,0,1,0
570488,15.0,1,0,0
570489,6.0,0,1,0
570490,15.0,1,0,0
570495,11.0,0,1,0
570504,15.0,0,1,0
570505,12.0,0,1,0
570506,30.0,0,1,0
570508,10.0,0,1,0
570512,11.0,1,0,0
570516,13.0,1,0,0
570519,12.0,0,1,0
570521,15.0,0,1,0
570522,16.0,0,1,0
570523,4.0,1,0,0
570524,10.0,0,1,0
570527,13.0,0,1,0
570528,13.0,0,1,0
570534,11.0,0,1,0
570536,10.0,0,1,0
570541,35.0,0,0,1
570545,17.0,0,1,0
570549,19.0,1,0,0
570554,43.0,0,0,1
570556,28.0,1,0,0
570560,15.0,1,0,0
570565,5.0,0,1,0
570566,11.0,0,1,0
570567,11.0,1,0,0
570570,34.0,0,0,1
570574,16.0,1,0,0
570575,8.0,0,1,0
570576,34.0,1,0,0
570578,20.0,0,1,0
570579,18.0,1,0,0
570581,13.0,1,0,0
570583,11.0,1,0,0
570586,14.0,0,1,0
570588,15.0,1,0,0
570590,11.0,1,0,0
570591,14.0,0,0,1
570601,9.0,0,1,0
570606,15.0,1,0,0
570608,8.0,0,0,1
570610,15.0,0,0,1
570612,9.0,1,0,0
570616,13.0,0,1,0
570617,24.0,0,1,0
570618,49.0,0,0,1
570625,4.0,1,0,0
570629,17.0,0,0,1
570630,11.0,0,1,0
570634,16.0,1,0,0
570635,22.0,0,1,0
570639,8.0,0,1,0
570640,14.0,0,1,0
570644,13.0,1,0,0
570646,10.0,0,1,0
570651,16.0,1,0,0
570654,17.0,1,0,0
570656,15.0,0,0,1
570659,29.0,1,0,0
570660,16.0,1,0,0
570664,8.0,0,1,0
570665,11.0,1,0,0
570668,12.0,0,1,0
570670,7.0,0,1,0
570671,16.0,0,1,0
570673,9.0,0,1,0
570674,13.0,1,0,0
570675,6.0,1,0,0
570678,6.0,1,0,0
570680,11.0,0,0,1
570685,15.0,1,0,0
570686,20.0,1,0,0
570688,27.0,0,1,0
570689,15.0,1,0,0
570691,10.0,0,1,0
570692,2.0,0,0,1
570693,21.0,0,1,0
570695,16.0,0,1,0
570696,11.0,0,1,0
570699,16.0,1,0,0
570700,19.0,1,0,0
570701,17.0,0,1,0
570702,61.0,1,0,0
570705,15.0,0,1,0
570708,22.0,0,1,0
570710,22.0,1,0,0
570715,18.0,0,1,0
570716,27.0,1,0,0
570717,16.0,1,0,0
570718,16.0,1,0,0
570720,6.0,1,0,0
570721,33.0,0,0,1
570728,33.0,1,0,0
570731,20.0,0,0,1
570733,8.0,0,0,1
570735,29.0,0,1,0
570738,41.0,0,1,0
570739,23.0,0,1,0
570740,20.0,0,1,0
570745,25.0,0,0,1
570747,34.0,0,0,1
570748,8.0,0,0,1
570754,4.0,1,0,0
570758,3.0,0,1,0
570759,2.0,0,1,0
570762,15.0,0,1,0
570767,52.0,1,0,0
570770,17.0,1,0,0
570771,9.0,1,0,0
570774,15.0,0,1,0
570776,26.0,0,0,1
570783,7.0,1,0,0
570784,6.0,0,0,1
570786,12.0,0,1,0
570789,5.0,0,1,0
570791,17.0,0,1,0
570796,13.0,1,0,0
570806,14.0,1,0,0
570808,28.0,0,1,0
570813,10.0,0,1,0
570815,39.0,1,0,0
570816,7.0,1,0,0
570818,39.0,1,0,0
570825,35.0,1,0,0
570829,38.0,1,0,0
570830,34.0,1,0,0
570831,27.0,1,0,0
570836,26.0,1,0,0
570852,25.0,1,0,0
570853,63.0,1,0,0
570856,69.0,1,0,0
570857,92.0,1,0,0
570858,75.0,1,0,0
570859,44.0,1,0,0
570860,14.0,1,0,0
570861,32.0,1,0,0
570867,49.0,0,0,1
570868,66.0,1,0,0
570869,49.0,1,0,0
570871,59.0,0,1,0
570872,30.0,0,0,1
570873,22.0,0,1,0
570874,13.0,1,0,0
570875,66.0,1,0,0
570877,49.0,1,0,0
570878,10.0,1,0,0
570879,38.0,1,0,0
570884,67.0,1,0,0
570885,29.0,0,0,1
570887,19.0,0,1,0
570888,15.0,0,0,1
570892,11.0,0,0,1
570893,12.0,0,0,1
570894,53.0,1,0,0
570901,25.0,0,1,0
570903,48.0,0,1,0
570921,19.0,0,1,0
570928,33.0,0,1,0
570934,19.0,0,0,1
570936,26.0,0,1,0
570939,22.0,0,1,0
570942,4.0,0,1,0
570947,15.0,0,1,0
570953,34.0,1,0,0
570954,54.0,0,1,0
570956,55.0,0,1,0
570957,22.0,1,0,0
570958,55.0,0,0,1
570959,93.0,0,0,1
570961,14.0,0,1,0
570962,17.0,0,1,0
570963,41.0,0,1,0
570964,37.0,0,0,1
570965,20.0,0,0,1
570966,89.0,1,0,0
570967,19.0,0,1,0
570968,16.0,0,0,1
570970,40.0,0,1,0
570972,10.0,0,0,1
570975,5.0,0,0,1
570976,13.0,0,1,0
570977,11.0,0,0,1
570978,23.0,0,1,0
570979,22.0,0,1,0
570997,34.0,1,0,0
571002,82.0,0,0,1
571005,48.0,1,0,0
571006,49.0,0,1,0
571007,82.0,0,1,0
571008,41.0,1,0,0
571009,24.0,0,0,1
571010,14.0,0,0,1
571011,14.0,0,1,0
571013,40.0,1,0,0
571017,35.0,0,0,1
571018,9.0,0,0,1
571019,5.0,0,0,1
571020,42.0,0,0,1
571021,19.0,0,0,1
571022,18.0,0,0,1
571024,29.0,0,1,0
571025,21.0,0,0,1
571026,19.0,0,0,1
571028,38.0,0,0,1
571029,25.0,0,1,0
571030,21.0,0,0,1
571031,16.0,0,0,1
571033,39.0,0,1,0
571034,26.0,0,0,1
571036,21.0,0,1,0
571037,17.0,0,1,0
571038,17.0,0,1,0
571039,7.0,0,1,0
571042,22.0,0,0,1
571043,17.0,1,0,0
571044,66.0,0,1,0
571045,3.0,0,0,1
571046,36.0,0,0,1
571047,21.0,0,0,1
571048,41.0,0,0,1
571050,21.0,0,0,1
571051,31.0,0,1,0
571054,11.0,0,0,1
571079,18.0,0,0,1
571081,24.0,0,0,1
571087,26.0,0,0,1
571088,19.0,0,1,0
571090,18.0,0,1,0
571092,58.0,1,0,0
571093,13.0,0,1,0
571094,61.0,1,0,0
571095,9.0,0,1,0
571096,34.0,1,0,0
571099,53.0,0,1,0
571107,20.0,0,1,0
571110,14.0,0,0,1
571111,48.0,0,0,1
571112,32.0,0,0,1
571113,8.0,0,1,0
571114,21.0,0,0,1
571115,7.0,1,0,0
571116,16.0,0,0,1
571117,47.0,0,1,0
571118,16.0,0,0,1
571120,23.0,1,0,0
571121,39.0,1,0,0
571129,,0,1,0
571131,29.0,0,1,0
571135,26.0,0,0,1
571137,21.0,0,1,0
571138,18.0,0,1,0
571139,29.0,0,0,1
571150,10.0,0,0,1
571152,5.0,0,0,1
571153,7.0,0,1,0
571155,13.0,0,0,1
571157,5.0,1,0,0
571158,10.0,1,0,0
571161,34.0,0,1,0
571163,19.0,1,0,0
571164,22.0,0,1,0
571165,2.0,0,1,0
571166,14.0,0,1,0
571171,9.0,0,1,0
571173,11.0,0,1,0
571176,15.0,1,0,0
571179,61.0,1,0,0
571194,18.0,1,0,0
571195,16.0,0,1,0
571201,22.0,0,1,0
571204,18.0,0,1,0
571212,22.0,0,1,0
571213,15.0,0,1,0
571214,13.0,0,1,0
571215,16.0,0,1,0
571217,11.0,0,1,0
571218,33.0,1,0,0
571222,32.0,1,0,0
571229,30.0,1,0,0
571230,33.0,0,1,0
571233,11.0,0,1,0
571235,25.0,0,1,0
571239,9.0,0,1,0
571240,21.0,0,1,0
571241,18.0,0,1,0
571246,18.0,0,1,0
571253,15.0,0,1,0
571255,13.0,0,1,0
571259,12.0,0,1,0
571260,16.0,0,1,0
571261,6.0,0,0,1
571262,21.0,0,1,0
571263,14.0,0,1,0
571264,28.0,0,1,0
571265,16.0,0,1,0
571266,18.0,0,1,0
571267,23.0,0,1,0
571268,6.0,0,1,0
571269,8.0,0,1,0
571270,21.0,0,1,0
571273,12.0,0,1,0
571275,23.0,0,1,0
571276,6.0,0,1,0
571278,22.0,0,1,0
571280,15.0,0,1,0
571281,15.0,0,1,0
571282,20.0,0,1,0
571285,6.0,0,1,0
571286,23.0,0,1,0
571293,21.0,0,1,0
571294,15.0,1,0,0
571295,10.0,0,1,0
571297,10.0,0,0,1
571298,15.0,0,1,0
571299,16.0,0,1,0
571300,20.0,0,1,0
571301,11.0,0,0,1
571303,9.0,0,1,0
571304,14.0,0,0,1
571305,18.0,0,1,0
571306,20.0,0,1,0
571307,23.0,0,1,0
571309,15.0,0,0,1
571316,21.0,0,1,0
571317,44.0,0,1,0
571318,12.0,0,1,0
571321,8.0,0,1,0
571322,13.0,0,1,0
571323,7.0,0,1,0
571328,28.0,0,1,0
571332,16.0,0,1,0
571334,13.0,0,1,0
571335,12.0,0,1,0
571336,12.0,0,1,0
571337,18.0,0,1,0
571338,23.0,0,1,0
571340,6.0,0,1,0
571341,4.0,0,1,0
571342,38.0,0,0,1
571346,24.0,1,0,0
571347,40.0,0,0,1
571349,21.0,0,0,1
571357,34.0,0,1,0
571358,23.0,0,1,0
571359,12.0,0,1,0
571360,40.0,0,1,0
571363,13.0,0,0,1
571364,21.0,0,0,1
571367,12.0,0,1,0
571372,18.0,0,1,0
571373,4.0,0,1,0
571378,23.0,0,1,0
571379,21.0,0,0,1
571381,25.0,1,0,0
571396,13.0,0,1,0
571398,53.0,0,0,1
571404,6.0,0,1,0
571421,10.0,0,1,0
571425,7.0,0,0,1
571427,15.0,0,0,1
571428,9.0,0,0,1
571430,29.0,0,1,0
571431,8.0,0,0,1
571435,32.0,1,0,0
571437,43.0,0,1,0
571439,30.0,0,0,1
571440,25.0,0,0,1
571441,29.0,0,0,1
571442,71.0,0,0,1
571443,37.0,0,1,0
571444,28.0,0,0,1
571445,37.0,0,1,0
571449,27.0,0,1,0
571451,22.0,1,0,0
571453,4.0,0,1,0
571457,17.0,0,1,0
571460,4.0,0,0,1
571461,10.0,0,1,0
571467,21.0,0,1,0
571468,24.0,0,1,0
571469,24.0,0,1,0
571474,23.0,0,1,0
571475,22.0,0,0,1
571478,23.0,0,1,0
571479,7.0,0,1,0
571481,21.0,0,1,0
571482,19.0,0,1,0
571483,26.0,0,1,0
571488,9.0,0,1,0
571489,15.0,0,1,0
571491,15.0,0,1,0
571494,19.0,1,0,0
571495,29.0,0,0,1
571499,16.0,0,1,0
571502,73.0,0,1,0
571512,17.0,0,1,0
571514,6.0,0,0,1
571515,65.0,0,1,0
571517,17.0,0,0,1
571518,6.0,0,0,1
571519,27.0,0,0,1
571522,11.0,0,1,0
571525,13.0,0,1,0
571533,21.0,0,1,0
571535,8.0,0,1,0
571537,20.0,0,1,0
571544,24.0,0,0,1
571554,16.0,1,0,0
571556,10.0,0,1,0
531202,19.0,0,0,1
531203,25.0,1,0,0
531204,19.0,1,0,0
531208,19.0,1,0,0
531209,15.0,1,0,0
531212,17.0,1,0,0
531217,18.0,1,0,0
531218,18.0,1,0,0
531220,18.0,1,0,0
531221,24.0,1,0,0
531223,25.0,1,0,0
531228,66.0,1,0,0
531229,25.0,0,0,1
531232,22.0,0,1,0
531234,21.0,1,0,0
531237,14.0,1,0,0
531239,44.0,1,0,0
531241,20.0,1,0,0
531243,19.0,1,0,0
531244,44.0,0,1,0
531246,22.0,1,0,0
531247,26.0,1,0,0
531250,6.0,1,0,0
531252,30.0,0,0,1
531254,26.0,1,0,0
531257,24.0,1,0,0
531260,32.0,0,0,1
531261,18.0,1,0,0
531262,5.0,1,0,0
531263,13.0,1,0,0
531264,14.0,1,0,0
531266,32.0,1,0,0
531267,18.0,1,0,0
531269,17.0,1,0,0
531270,20.0,1,0,0
531275,29.0,1,0,0
531281,28.0,0,0,1
531283,24.0,0,0,1
531284,18.0,1,0,0
531286,16.0,1,0,0
531288,16.0,0,1,0
531290,13.0,1,0,0
531292,29.0,0,1,0
531294,60.0,0,0,1
531296,20.0,1,0,0
531297,93.0,1,0,0
531298,26.0,0,1,0
531299,14.0,1,0,0
531300,29.0,1,0,0
531301,14.0,1,0,0
531304,25.0,0,1,0
531306,29.0,1,0,0
531307,11.0,1,0,0
531309,35.0,1,0,0
531310,28.0,1,0,0
531311,20.0,1,0,0
531314,37.0,1,0,0
531315,12.0,1,0,0
531317,22.0,1,0,0
531320,23.0,1,0,0
531321,30.0,0,1,0
531325,12.0,0,0,1
531327,2.0,0,0,1
531328,5.0,0,0,1
531329,50.0,0,0,1
531330,9.0,0,0,1
531332,10.0,0,0,1
531333,20.0,0,1,0
531335,10.0,0,0,1
531337,39.0,0,1,0
531338,32.0,0,0,1
531343,11.0,0,0,1
531345,12.0,0,0,1
531346,22.0,0,0,1
531347,5.0,0,0,1
531348,5.0,0,0,1
531354,12.0,0,0,1
531355,7.0,0,0,1
531356,1.0,0,0,1
531357,6.0,0,0,1
531358,12.0,0,0,1
531359,32.0,0,0,1
531360,0.0,0,0,1
531361,11.0,0,0,1
531364,42.0,0,0,1
531365,15.0,0,0,1
531367,13.0,0,1,0
531368,17.0,0,0,1
531369,21.0,0,0,1
531370,22.0,0,0,1
531371,5.0,0,0,1
531372,32.0,0,0,1
531373,11.0,0,0,1
531375,6.0,0,0,1
531376,,0,0,1
531377,27.0,0,1,0
531380,13.0,0,0,1
531381,0.0,0,0,1
531382,9.0,0,0,1
531383,5.0,1,0,0
531384,20.0,1,0,0
531386,31.0,0,0,1
531387,40.0,0,0,1
531388,10.0,0,0,1
531390,20.0,0,0,1
531392,7.0,0,0,1
531393,12.0,0,0,1
531394,20.0,0,0,1
531397,40.0,0,0,1
531398,16.0,0,0,1
531399,7.0,0,0,1
531400,9.0,0,0,1
531401,10.0,0,0,1
531403,22.0,0,0,1
531405,16.0,0,0,1
531406,7.0,0,0,1
531409,17.0,0,0,1
531412,7.0,0,0,1
531413,31.0,0,1,0
531414,23.0,0,0,1
531415,26.0,0,0,1
531417,15.0,0,0,1
531418,4.0,0,0,1
531423,32.0,0,0,1
531424,42.0,0,0,1
531425,13.0,0,0,1
531426,6.0,0,1,0
531428,8.0,0,0,1
531429,50.0,0,0,1
531431,14.0,0,0,1
531434,9.0,0,0,1
531435,20.0,0,0,1
531436,26.0,0,0,1
531437,28.0,0,0,1
531439,11.0,0,0,1
531440,9.0,0,0,1
531441,10.0,0,0,1
531442,16.0,0,0,1
531443,14.0,0,0,1
531444,7.0,0,0,1
531445,9.0,0,0,1
531446,10.0,0,0,1
531447,10.0,0,0,1
531448,32.0,0,0,1
531449,9.0,0,0,1
531450,10.0,0,0,1
531451,27.0,0,0,1
531452,27.0,0,1,0
531455,17.0,0,0,1
531457,15.0,0,0,1
531458,8.0,0,1,0
531459,11.0,0,0,1
531460,11.0,0,0,1
531461,32.0,0,0,1
531462,15.0,0,0,1
531463,9.0,0,0,1
531464,7.0,0,0,1
531465,19.0,0,1,0
531466,18.0,0,0,1
531467,14.0,0,0,1
531469,22.0,0,0,1
531470,12.0,0,0,1
531472,20.0,0,1,0
531474,29.0,0,1,0
531475,27.0,0,0,1
531476,9.0,0,0,1
531477,32.0,0,0,1
531479,37.0,0,0,1
531481,22.0,0,0,1
531482,17.0,0,0,1
531486,27.0,0,0,1
531488,45.0,0,0,1
531489,14.0,0,0,1
531493,38.0,0,0,1
531497,12.0,0,1,0
531501,7.0,0,0,1
531502,3.0,0,0,1
531503,11.0,0,1,0
531506,10.0,0,0,1
531515,2.0,0,0,1
531516,5.0,0,0,1
531526,9.0,0,0,1
531527,9.0,0,0,1
531528,42.0,0,0,1
531531,42.0,0,0,1
531532,3.0,0,0,1
531534,15.0,0,0,1
531538,15.0,0,0,1
531539,36.0,0,0,1
531546,12.0,0,0,1
531547,34.0,0,0,1
531549,15.0,0,0,1
531551,12.0,0,0,1
531554,8.0,0,0,1
531555,9.0,0,0,1
531556,13.0,0,0,1
531557,37.0,0,0,1
531559,32.0,0,0,1
531564,4.0,0,0,1
531567,10.0,0,0,1
531568,10.0,0,0,1
531571,9.0,0,0,1
531572,58.0,0,0,1
531578,12.0,0,0,1
531580,4.0,0,0,1
531581,22.0,0,0,1
531583,5.0,0,0,1
531584,79.0,0,1,0
531585,5.0,0,1,0
531586,27.0,0,0,1
531588,8.0,0,0,1
531589,12.0,0,1,0
531590,9.0,0,1,0
531591,12.0,0,1,0
531592,21.0,0,1,0
531593,28.0,0,1,0
531594,29.0,0,0,1
531595,22.0,0,1,0
531596,7.0,0,1,0
531597,12.0,0,1,0
531599,7.0,0,0,1
531600,12.0,0,0,1
531603,20.0,0,1,0
531604,12.0,1,0,0
531605,12.0,0,1,0
531606,17.0,0,1,0
531610,22.0,0,1,0
531611,38.0,0,1,0
531612,59.0,0,1,0
531613,18.0,0,1,0
531614,6.0,0,1,0
531615,43.0,0,1,0
531616,37.0,0,1,0
531617,58.0,0,1,0
531618,3.0,0,1,0
531619,21.0,0,1,0
531620,34.0,0,1,0
531621,13.0,0,1,0
531622,38.0,0,1,0
531623,53.0,0,1,0
531624,16.0,0,1,0
531625,32.0,0,1,0
531626,40.0,0,1,0
531627,38.0,1,0,0
531628,16.0,0,1,0
531629,1.0,0,1,0
531630,11.0,0,1,0
531631,24.0,0,1,0
531632,18.0,0,1,0
531633,5.0,0,1,0
531634,11.0,0,1,0
531635,40.0,0,1,0
531636,42.0,0,1,0
531638,17.0,0,1,0
531639,14.0,0,1,0
531640,5.0,0,1,0
531641,25.0,0,1,0
531642,7.0,0,0,1
531643,27.0,1,0,0
531644,37.0,0,1,0
531645,67.0,0,1,0
531646,20.0,0,1,0
531647,29.0,0,1,0
531648,17.0,0,1,0
531649,23.0,0,1,0
531650,19.0,0,1,0
531652,17.0,0,1,0
531653,32.0,0,1,0
531654,32.0,0,1,0
531655,30.0,0,0,1
531657,34.0,0,1,0
531659,27.0,0,1,0
531661,32.0,0,1,0
531662,27.0,0,1,0
531663,7.0,0,1,0
531664,14.0,0,1,0
531665,19.0,0,1,0
531667,14.0,0,1,0
531668,5.0,0,1,0
531669,20.0,0,1,0
531671,24.0,0,1,0
531672,19.0,0,1,0
531673,19.0,0,1,0
531674,32.0,0,1,0
531675,59.0,0,1,0
531676,9.0,0,0,1
531677,29.0,0,1,0
531678,12.0,0,1,0
531679,22.0,0,0,1
531680,11.0,0,0,1
531681,5.0,0,0,1
531682,9.0,0,1,0
531683,38.0,0,1,0
531686,12.0,0,1,0
531687,22.0,0,1,0
531688,13.0,0,0,1
531689,12.0,0,0,1
531691,14.0,0,1,0
531692,40.0,0,0,1
531693,32.0,0,0,1
531695,17.0,0,1,0
531696,32.0,0,1,0
531697,7.0,0,1,0
531698,32.0,0,1,0
531699,20.0,0,0,1
531700,32.0,0,1,0
531701,20.0,0,1,0
531702,7.0,0,1,0
531703,22.0,0,1,0
531704,27.0,0,1,0
531705,22.0,0,1,0
531706,6.0,0,1,0
531707,14.0,0,1,0
531708,6.0,0,1,0
531709,14.0,0,0,1
531710,17.0,0,0,1
531711,22.0,0,1,0
531712,13.0,0,1,0
531713,8.0,0,1,0
531714,5.0,0,0,1
531715,4.0,0,0,1
531716,27.0,0,1,0
531717,15.0,0,1,0
531719,18.0,0,1,0
531720,27.0,1,0,0
531721,17.0,0,1,0
531723,20.0,0,1,0
531724,3.0,1,0,0
531726,6.0,0,1,0
531727,9.0,0,1,0
531730,7.0,0,1,0
531731,8.0,0,1,0
531732,20.0,0,1,0
531733,59.0,0,1,0
531734,34.0,0,1,0
531736,22.0,0,1,0
531737,23.0,0,1,0
531739,20.0,0,1,0
531740,7.0,0,1,0
531742,17.0,0,1,0
531744,7.0,0,0,1
531746,12.0,0,1,0
531747,26.0,0,1,0
531748,25.0,1,0,0
531749,39.0,1,0,0
531753,19.0,1,0,0
531754,9.0,1,0,0
531755,26.0,1,0,0
531757,7.0,1,0,0
531759,5.0,1,0,0
531760,20.0,1,0,0
531762,12.0,1,0,0
531764,28.0,1,0,0
531765,18.0,1,0,0
531766,21.0,1,0,0
531767,11.0,1,0,0
531768,4.0,1,0,0
531769,20.0,1,0,0
531772,2.0,1,0,0
531773,32.0,1,0,0
531775,12.0,1,0,0
531776,10.0,1,0,0
531777,13.0,1,0,0
531778,28.0,1,0,0
531780,25.0,1,0,0
531781,14.0,1,0,0
531784,16.0,1,0,0
531785,22.0,1,0,0
531786,27.0,1,0,0
531787,16.0,1,0,0
531788,9.0,1,0,0
531789,4.0,1,0,0
531790,28.0,1,0,0
531791,19.0,1,0,0
531792,9.0,1,0,0
531793,8.0,1,0,0
531794,3.0,1,0,0
531795,8.0,1,0,0
531796,20.0,1,0,0
531797,20.0,1,0,0
531798,20.0,1,0,0
531799,8.0,1,0,0
531801,11.0,1,0,0
531802,14.0,1,0,0
531803,20.0,1,0,0
531805,25.0,1,0,0
531806,17.0,1,0,0
531807,25.0,1,0,0
531808,9.0,1,0,0
531809,22.0,1,0,0
531810,13.0,1,0,0
531811,9.0,1,0,0
531813,11.0,1,0,0
531816,13.0,1,0,0
531817,28.0,1,0,0
531819,11.0,0,1,0
531820,13.0,1,0,0
531821,12.0,1,0,0
531822,4.0,1,0,0
531823,13.0,1,0,0
531824,13.0,1,0,0
531825,27.0,1,0,0
531826,13.0,1,0,0
531827,4.0,1,0,0
531828,12.0,1,0,0
531829,4.0,1,0,0
531830,5.0,1,0,0
531831,19.0,1,0,0
531832,4.0,1,0,0
531833,21.0,1,0,0
531834,14.0,1,0,0
531837,16.0,1,0,0
531838,15.0,1,0,0
531839,15.0,1,0,0
531840,10.0,1,0,0
531841,10.0,1,0,0
531842,13.0,1,0,0
531843,5.0,1,0,0
531845,23.0,1,0,0
531846,18.0,1,0,0
531847,47.0,1,0,0
531848,22.0,1,0,0
531849,16.0,0,0,1
531851,30.0,1,0,0
531852,22.0,1,0,0
531853,30.0,1,0,0
531854,34.0,1,0,0
531855,10.0,1,0,0
531856,34.0,0,0,1
531857,18.0,1,0,0
531858,30.0,1,0,0
531859,26.0,1,0,0
531860,31.0,0,1,0
531861,65.0,0,1,0
531862,39.0,0,1,0
531863,56.0,0,1,0
531864,26.0,1,0,0
531865,24.0,0,1,0
531866,30.0,1,0,0
531867,39.0,1,0,0
531868,35.0,1,0,0
531869,22.0,0,1,0
531870,17.0,0,1,0
531871,27.0,1,0,0
531872,16.0,1,0,0
531873,8.0,1,0,0
531875,16.0,1,0,0
531876,22.0,1,0,0
531877,12.0,1,0,0
531878,15.0,0,1,0
531879,12.0,1,0,0
531881,60.0,1,0,0
531882,17.0,1,0,0
531883,26.0,1,0,0
531884,56.0,1,0,0
531885,25.0,1,0,0
531886,26.0,1,0,0
531887,33.0,0,1,0
531888,9.0,1,0,0
531890,59.0,0,1,0
531891,38.0,1,0,0
531892,38.0,1,0,0
531893,56.0,1,0,0
531894,7.0,0,1,0
531895,9.0,0,1,0
531896,24.0,0,1,0
531897,10.0,0,1,0
531898,27.0,1,0,0
531900,19.0,1,0,0
531901,6.0,1,0,0
531902,15.0,0,1,0
531903,10.0,1,0,0
531904,11.0,1,0,0
531905,46.0,1,0,0
531906,21.0,0,0,1
531907,6.0,1,0,0
531908,26.0,0,1,0
531909,26.0,1,0,0
531910,24.0,0,1,0
531911,31.0,1,0,0
531912,16.0,1,0,0
531913,34.0,1,0,0
531915,23.0,1,0,0
531916,24.0,1,0,0
531917,12.0,1,0,0
531918,15.0,0,0,1
531919,22.0,0,0,1
531920,9.0,0,0,1
531921,15.0,1,0,0
531922,32.0,1,0,0
531923,25.0,1,0,0
531927,12.0,1,0,0
531929,14.0,1,0,0
531930,30.0,0,0,1
531933,15.0,0,0,1
531934,7.0,0,1,0
531935,28.0,0,0,1
531936,14.0,0,0,1
531937,62.0,0,0,1
531938,67.0,0,0,1
531939,19.0,0,0,1
531941,49.0,0,1,0
531942,12.0,0,0,1
531943,16.0,0,1,0
531944,9.0,0,0,1
531945,24.0,0,0,1
531946,6.0,1,0,0
531947,24.0,0,0,1
531948,9.0,0,0,1
531949,34.0,0,1,0
531950,47.0,0,1,0
531951,16.0,0,1,0
531952,10.0,0,0,1
531953,44.0,0,1,0
531954,12.0,0,1,0
531955,30.0,0,1,0
531956,24.0,0,1,0
531957,47.0,0,1,0
531958,30.0,0,1,0
531959,40.0,0,1,0
531960,22.0,0,0,1
531961,51.0,0,0,1
531962,65.0,0,0,1
531963,22.0,0,0,1
531964,21.0,0,0,1
531965,51.0,0,0,1
531967,26.0,0,0,1
531969,37.0,0,1,0
531970,41.0,0,0,1
531971,11.0,0,0,1
531972,24.0,0,1,0
531973,19.0,0,0,1
531974,27.0,0,0,1
531976,8.0,0,0,1
531977,9.0,0,0,1
531978,65.0,0,0,1
531980,9.0,0,0,1
531981,20.0,0,0,1
531982,10.0,0,0,1
531983,26.0,0,0,1
531984,25.0,0,0,1
531985,49.0,0,0,1
531987,11.0,0,0,1
531988,67.0,1,0,0
531989,11.0,0,0,1
531990,45.0,0,1,0
531991,22.0,0,1,0
531992,28.0,0,1,0
531993,24.0,0,1,0
531994,8.0,0,0,1
531995,60.0,0,1,0
531996,26.0,1,0,0
531997,35.0,1,0,0
531998,22.0,0,1,0
532000,14.0,0,1,0
532001,20.0,0,1,0
532002,21.0,0,1,0
532003,10.0,0,0,1
532004,28.0,0,1,0
532005,8.0,0,1,0
532006,17.0,0,0,1
532007,15.0,0,1,0
532010,4.0,0,1,0
532011,13.0,0,1,0
532013,27.0,0,1,0
532014,55.0,0,1,0
532015,18.0,0,0,1
532016,30.0,0,1,0
532018,27.0,0,1,0
532019,106.0,0,1,0
532021,30.0,1,0,0
532022,55.0,0,1,0
532023,38.0,1,0,0
532024,44.0,0,1,0
532025,23.0,0,1,0
532026,24.0,0,1,0
532029,21.0,0,1,0
532030,44.0,0,1,0
532031,4.0,0,1,0
532032,40.0,0,0,1
532033,22.0,0,0,1
532034,17.0,0,0,1
532035,9.0,0,0,1
532036,19.0,0,0,1
532037,24.0,0,0,1
532038,62.0,0,0,1
532039,9.0,0,0,1
532041,16.0,0,1,0
532042,23.0,0,1,0
532043,27.0,0,1,0
532044,16.0,0,1,0
532045,17.0,1,0,0
532047,40.0,0,1,0
532048,20.0,0,1,0
532049,4.0,0,0,1
532050,20.0,0,1,0
532051,43.0,0,1,0
532052,17.0,0,1,0
532053,30.0,0,1,0
532057,12.0,0,1,0
532058,37.0,0,0,1
532059,48.0,0,1,0
532060,22.0,0,1,0
532061,25.0,0,1,0
532062,12.0,0,1,0
532065,40.0,1,0,0
532066,27.0,1,0,0
532068,10.0,1,0,0
532069,18.0,1,0,0
532070,1.0,1,0,0
532072,9.0,1,0,0
532073,123.0,1,0,0
532074,11.0,1,0,0
532075,12.0,1,0,0
532076,17.0,1,0,0
532078,19.0,1,0,0
532079,18.0,1,0,0
532080,18.0,1,0,0
532082,15.0,1,0,0
532083,9.0,0,1,0
532085,15.0,1,0,0
532086,12.0,1,0,0
532087,9.0,1,0,0
532088,9.0,1,0,0
532089,6.0,0,1,0
532090,24.0,0,1,0
532091,15.0,0,1,0
532092,10.0,1,0,0
532093,6.0,0,1,0
532094,20.0,1,0,0
532095,48.0,1,0,0
532097,32.0,1,0,0
532098,44.0,1,0,0
532099,5.0,1,0,0
532100,49.0,1,0,0
532101,47.0,1,0,0
532103,10.0,1,0,0
532104,58.0,0,1,0
532105,15.0,1,0,0
532106,21.0,1,0,0
532107,4.0,1,0,0
532108,41.0,1,0,0
532109,6.0,1,0,0
532110,4.0,0,0,1
532111,18.0,1,0,0
532112,15.0,1,0,0
532114,29.0,1,0,0
532116,40.0,0,0,1
532119,35.0,0,0,1
532121,29.0,0,1,0
532122,14.0,0,0,1
532124,23.0,0,0,1
532125,14.0,0,0,1
532127,6.0,0,0,1
532128,23.0,0,1,0
532129,32.0,0,1,0
532130,40.0,0,1,0
532131,16.0,0,1,0
532132,40.0,0,1,0
532133,16.0,0,1,0
532135,72.0,0,0,1
532136,37.0,0,1,0
532137,32.0,0,1,0
532142,16.0,0,1,0
532143,28.0,1,0,0
532144,17.0,1,0,0
532145,9.0,1,0,0
532146,21.0,1,0,0
532147,22.0,1,0,0
532148,9.0,1,0,0
532149,10.0,1,0,0
532150,17.0,1,0,0
532151,7.0,0,0,1
532152,23.0,1,0,0
532153,7.0,1,0,0
532154,18.0,1,0,0
532155,45.0,1,0,0
532156,15.0,0,0,1
532158,23.0,1,0,0
532160,23.0,1,0,0
532161,22.0,1,0,0
532162,15.0,0,1,0
532163,14.0,1,0,0
532164,20.0,1,0,0
532165,18.0,1,0,0
532166,23.0,1,0,0
532167,13.0,0,0,1
532168,1.0,0,1,0
532169,19.0,0,1,0
532170,27.0,1,0,0
532171,37.0,0,1,0
532172,27.0,1,0,0
532174,6.0,0,0,1
532176,9.0,0,0,1
532177,11.0,0,0,1
532179,27.0,0,1,0
532180,,0,0,1
532181,9.0,1,0,0
532183,28.0,0,0,1
532187,34.0,0,0,1
532192,22.0,0,0,1
532196,12.0,0,0,1
532199,13.0,0,0,1
532202,69.0,0,0,1
532204,56.0,0,0,1
532207,12.0,0,1,0
532208,6.0,0,0,1
532213,32.0,0,1,0
532214,14.0,0,1,0
532218,13.0,0,1,0
532219,22.0,0,0,1
532222,10.0,0,1,0
532223,20.0,0,1,0
532224,33.0,1,0,0
532231,19.0,0,1,0
532235,27.0,0,1,0
532236,16.0,0,1,0
532242,59.0,0,1,0
532243,51.0,0,1,0
532251,39.0,0,1,0
532252,29.0,1,0,0
532253,,1,0,0
532257,13.0,1,0,0
532258,17.0,0,0,1
532260,54.0,0,0,1
532261,27.0,0,0,1
532262,5.0,0,1,0
532263,3.0,0,0,1
532266,17.0,0,1,0
532267,15.0,0,0,1
532268,7.0,0,0,1
532269,14.0,0,0,1
532270,12.0,0,0,1
532271,15.0,0,0,1
532272,7.0,0,1,0
532273,5.0,0,0,1
532274,7.0,0,0,1
532275,7.0,0,0,1
532276,25.0,0,1,0
532277,14.0,0,1,0
532279,12.0,0,1,0
532280,12.0,0,1,0
532281,18.0,0,1,0
532282,7.0,0,1,0
532283,4.0,0,1,0
532285,43.0,0,1,0
532286,6.0,0,0,1
532287,44.0,0,0,1
532288,12.0,0,0,1
532289,5.0,1,0,0
532290,44.0,0,0,1
532291,29.0,0,0,1
532292,42.0,0,1,0
532293,12.0,0,1,0
532294,11.0,0,0,1
532295,7.0,0,1,0
532296,10.0,0,1,0
532298,6.0,0,1,0
532299,7.0,0,1,0
532300,41.0,0,1,0
532302,16.0,0,1,0
532303,47.0,0,1,0
532304,12.0,0,1,0
532305,50.0,0,1,0
532310,17.0,0,1,0
532315,7.0,0,0,1
532316,26.0,0,0,1
532318,25.0,0,0,1
532319,21.0,0,0,1
532320,7.0,1,0,0
532321,4.0,0,1,0
532322,35.0,0,1,0
532323,23.0,0,1,0
532324,9.0,0,1,0
532325,12.0,0,0,1
532326,9.0,0,0,1
532331,15.0,0,0,1
532332,16.0,0,0,1
532333,17.0,0,0,1
532334,30.0,0,1,0
532336,13.0,0,0,1
532341,63.0,0,0,1
532342,6.0,0,1,0
532343,32.0,0,1,0
532344,17.0,0,0,1
532345,10.0,0,1,0
532347,3.0,0,1,0
532348,10.0,1,0,0
532349,19.0,0,1,0
532350,12.0,0,1,0
532351,10.0,0,1,0
532352,14.0,0,1,0
532353,12.0,1,0,0
532354,4.0,0,1,0
532355,32.0,0,1,0
532356,6.0,0,1,0
532357,5.0,0,1,0
532360,5.0,0,0,1
532361,19.0,0,1,0
532362,17.0,0,0,1
532363,11.0,0,1,0
532364,44.0,0,0,1
532365,27.0,0,0,1
532366,13.0,0,0,0
532367,19.0,0,0,1
532368,24.0,0,0,1
532369,15.0,0,1,0
532370,8.0,0,1,0
532373,5.0,0,0,1
532374,14.0,0,0,1
532375,14.0,0,0,1
532376,14.0,0,1,0
532377,20.0,0,1,0
532378,16.0,0,1,0
532380,10.0,0,1,0
532382,18.0,0,0,1
532383,14.0,0,1,0
532384,46.0,0,0,1
532385,32.0,0,0,1
532386,5.0,0,0,1
532387,14.0,0,0,1
532390,14.0,0,0,1
532392,13.0,0,0,1
532393,7.0,0,0,1
532394,8.0,0,0,1
532395,11.0,0,0,1
532396,14.0,0,0,1
532397,13.0,0,0,1
532399,17.0,0,1,0
532400,15.0,0,1,0
532401,40.0,0,1,0
532402,22.0,1,0,0
532403,19.0,1,0,0
532404,17.0,1,0,0
532405,18.0,1,0,0
532407,23.0,1,0,0
532408,9.0,1,0,0
532409,39.0,1,0,0
532410,13.0,0,1,0
532411,9.0,1,0,0
532412,15.0,1,0,0
532413,7.0,0,1,0
532414,11.0,0,1,0
532415,39.0,0,0,1
532416,32.0,0,0,1
532417,36.0,0,1,0
532418,13.0,0,0,1
532419,14.0,0,1,0
532420,20.0,0,1,0
532422,16.0,1,0,0
532423,21.0,1,0,0
532424,8.0,0,1,0
532425,12.0,1,0,0
532426,6.0,1,0,0
532427,12.0,1,0,0
532428,14.0,1,0,0
532429,20.0,1,0,0
532430,17.0,1,0,0
532431,5.0,1,0,0
532432,,1,0,0
532433,21.0,0,1,0
532434,,0,0,1
532436,13.0,0,1,0
532437,9.0,0,1,0
532438,13.0,0,1,0
532439,6.0,0,1,0
532440,5.0,0,1,0
532441,32.0,0,1,0
532442,17.0,0,1,0
532443,12.0,0,1,0
532444,20.0,0,1,0
532445,7.0,0,1,0
532446,7.0,0,1,0
532447,19.0,0,0,1
532448,7.0,0,0,1
532449,7.0,0,0,1
532451,7.0,0,0,1
532452,26.0,0,0,1
532453,35.0,0,1,0
532454,24.0,0,0,1
532455,15.0,0,1,0
532456,27.0,0,0,1
532462,26.0,1,0,0
532463,17.0,0,0,1
532464,26.0,0,0,1
532465,14.0,0,1,0
532470,22.0,0,1,0
532471,17.0,0,0,1
532472,12.0,0,0,1
532473,22.0,0,1,0
532475,2.0,0,0,1
532477,10.0,0,1,0
532479,51.0,0,0,1
532480,56.0,0,1,0
532481,47.0,0,1,0
532483,41.0,0,1,0
532484,49.0,0,0,1
532487,34.0,0,0,1
532496,24.0,0,1,0
532497,7.0,0,1,0
532498,3.0,0,1,0
532499,21.0,0,0,1
532501,14.0,0,0,1
532502,17.0,0,0,1
532503,10.0,0,1,0
532504,30.0,0,1,0
532505,12.0,0,1,0
532506,12.0,0,1,0
532507,39.0,0,1,0
532508,10.0,0,0,1
532509,22.0,1,0,0
532510,15.0,1,0,0
532512,12.0,0,1,0
532513,13.0,0,0,1
532514,17.0,0,0,1
532519,3.0,0,1,0
532520,5.0,0,1,0
532523,13.0,0,0,1
532528,12.0,0,1,0
532537,5.0,0,0,1
532541,22.0,0,1,0
532548,17.0,0,0,1
532549,11.0,0,1,0
532550,6.0,0,0,1
532551,22.0,0,0,1
532552,16.0,0,0,1
532553,16.0,0,0,1
532554,34.0,0,1,0
532555,9.0,0,0,1
532556,14.0,0,1,0
532557,15.0,1,0,0
532560,7.0,0,0,1
532561,7.0,0,0,1
532562,14.0,0,0,1
532563,22.0,0,0,1
532564,5.0,0,0,1
532565,22.0,0,1,0
532566,13.0,0,0,1
532567,3.0,0,0,1
532568,29.0,0,0,1
532569,23.0,0,0,1
532570,5.0,0,0,1
532571,0.0,0,1,0
532573,16.0,0,0,1
532574,9.0,0,1,0
532575,14.0,0,1,0
532576,17.0,0,1,0
532577,17.0,0,0,1
532578,21.0,0,1,0
532580,11.0,0,1,0
532581,8.0,0,0,1
532582,8.0,0,1,0
532583,24.0,0,0,1
532586,14.0,0,1,0
532587,27.0,0,0,1
532588,22.0,0,0,1
532589,3.0,0,0,1
532590,5.0,0,0,1
532591,32.0,0,0,1
532592,12.0,0,0,1
532593,40.0,0,0,1
532594,39.0,0,0,1
532595,23.0,0,0,1
532596,17.0,0,0,1
532597,14.0,0,0,1
532598,1.0,0,0,1
532600,16.0,0,1,0
532601,12.0,0,1,0
532602,,0,1,0
532603,23.0,0,0,1
532604,16.0,0,0,1
532605,27.0,0,0,1
532606,42.0,0,0,1
532607,17.0,0,0,1
532610,32.0,0,1,0
532614,20.0,0,1,0
532615,16.0,0,1,0
532618,28.0,0,0,1
532620,1.0,0,0,1
532624,12.0,0,1,0
532626,27.0,0,1,0
532629,30.0,0,1,0
532630,8.0,1,0,0
532631,13.0,1,0,0
532632,15.0,1,0,0
532634,17.0,0,1,0
532636,21.0,0,1,0
532637,10.0,1,0,0
532638,9.0,0,1,0
532642,11.0,0,0,1
527761,15.0,0,0,1
527762,10.0,0,0,1
527763,17.0,0,1,0
527764,7.0,0,1,0
527765,18.0,1,0,0
527766,53.0,1,0,0
527767,10.0,0,1,0
527768,21.0,0,1,0
527769,6.0,0,1,0
527770,8.0,0,1,0
527771,11.0,0,1,0
527772,17.0,0,0,1
527773,29.0,0,1,0
527774,18.0,0,1,0
527775,10.0,0,1,0
527776,12.0,0,1,0
527777,11.0,0,1,0
527778,31.0,0,1,0
527779,5.0,0,0,1
527780,9.0,0,1,0
527781,19.0,0,0,1
527782,60.0,0,0,1
527783,14.0,0,0,1
527784,9.0,0,0,1
527785,13.0,0,1,0
527786,14.0,0,0,1
527787,4.0,0,0,1
527788,15.0,0,0,1
527789,5.0,0,0,1
527790,7.0,0,0,1
527791,4.0,0,0,1
527792,24.0,0,0,1
527793,27.0,0,0,1
527794,14.0,0,1,0
527795,12.0,0,0,1
527796,9.0,0,0,1
527797,8.0,0,0,1
527798,9.0,0,0,1
527799,14.0,0,0,1
527800,22.0,0,0,1
527801,12.0,0,0,1
527802,11.0,0,0,1
527803,13.0,0,1,0
527804,6.0,0,0,1
527805,9.0,0,0,1
527806,7.0,0,0,1
527807,10.0,0,0,1
527808,21.0,0,0,1
527809,8.0,0,0,1
527810,6.0,0,0,1
527811,4.0,0,0,1
527812,7.0,0,0,1
527813,17.0,0,0,1
527814,3.0,0,0,1
527815,4.0,0,0,1
527816,6.0,0,0,1
527817,17.0,0,0,1
527818,5.0,0,0,1
527819,15.0,0,0,1
527820,10.0,0,0,1
527821,7.0,0,0,1
527822,5.0,0,0,1
527823,4.0,0,0,1
527824,23.0,0,1,0
527825,20.0,1,0,0
527826,53.0,0,0,1
527827,34.0,0,0,1
527828,17.0,0,0,1
527829,11.0,0,0,1
527830,6.0,0,0,1
527831,4.0,0,0,1
527832,10.0,0,0,1
527833,5.0,0,0,1
527834,14.0,0,0,1
527835,11.0,0,0,1
527836,9.0,0,0,1
527837,11.0,0,0,1
527838,3.0,0,1,0
527839,14.0,0,0,1
527840,5.0,0,0,1
527841,8.0,0,0,1
527842,13.0,0,0,1
527843,4.0,0,0,1
527844,19.0,0,0,1
527845,28.0,0,1,0
527846,7.0,0,0,1
527847,20.0,0,0,1
527848,5.0,0,0,1
527849,14.0,0,0,1
527850,9.0,0,0,1
527851,9.0,0,0,1
527852,10.0,0,0,1
527853,4.0,0,0,1
527854,5.0,0,0,1
527855,20.0,0,0,1
527856,28.0,0,0,1
527857,7.0,0,0,1
527858,28.0,0,0,1
527859,5.0,0,0,1
527860,13.0,0,1,0
527861,14.0,0,0,1
527862,30.0,0,0,1
527863,32.0,0,0,1
527864,5.0,0,0,1
527865,17.0,0,0,1
527866,4.0,0,1,0
527867,4.0,0,0,1
527868,35.0,1,0,0
527869,47.0,1,0,0
527870,6.0,0,0,1
527871,11.0,0,0,1
527872,12.0,0,1,0
527873,3.0,0,1,0
527874,4.0,1,0,0
527875,10.0,0,1,0
527876,9.0,0,1,0
527877,10.0,0,0,1
527878,25.0,0,0,1
527879,4.0,0,0,1
527880,31.0,1,0,0
527881,22.0,1,0,0
527882,12.0,0,1,0
527883,13.0,0,0,1
527884,7.0,0,0,1
527885,24.0,0,1,0
527886,11.0,0,0,1
527887,15.0,0,0,1
527888,4.0,0,0,1
527889,8.0,0,1,0
527890,27.0,0,0,1
527891,16.0,0,0,1
527892,22.0,0,0,1
527893,5.0,0,0,1
527894,6.0,0,0,1
527895,20.0,0,0,1
527896,12.0,0,0,1
527897,7.0,0,1,0
527898,14.0,0,0,1
527899,12.0,0,0,1
527900,5.0,0,0,1
527901,5.0,0,0,1
527902,6.0,0,0,1
527903,17.0,0,0,1
527904,20.0,0,0,1
527905,14.0,0,0,1
527906,14.0,0,1,0
527907,8.0,0,0,1
527908,44.0,0,1,0
527909,38.0,0,1,0
527910,27.0,0,1,0
527911,15.0,0,0,1
527912,21.0,0,0,1
527913,15.0,0,1,0
527914,25.0,0,0,1
527915,14.0,0,1,0
527916,16.0,0,0,1
527917,12.0,0,1,0
527918,8.0,0,0,1
527919,9.0,0,0,1
527920,14.0,0,1,0
527921,4.0,0,0,1
527922,15.0,0,0,1
527923,9.0,0,0,1
527924,8.0,0,0,1
527925,16.0,0,0,1
527926,12.0,0,0,1
527927,2.0,0,0,1
527928,20.0,0,0,1
527929,5.0,0,0,1
527930,28.0,0,1,0
527931,18.0,0,0,1
527932,4.0,0,0,1
527933,55.0,0,0,1
527934,6.0,0,0,1
527936,2.0,0,0,1
527937,12.0,0,0,1
527938,10.0,0,0,1
527939,6.0,0,0,1
527940,20.0,0,0,1
527941,27.0,0,0,1
527942,3.0,0,0,1
527943,4.0,0,0,1
527944,6.0,0,0,1
527945,26.0,0,0,1
527946,8.0,0,1,0
527947,31.0,0,0,1
527948,28.0,0,0,1
527949,8.0,0,0,1
527950,5.0,0,0,1
527951,12.0,0,0,1
527952,13.0,0,1,0
527953,14.0,0,0,1
527954,14.0,0,0,1
527955,5.0,0,0,1
527956,14.0,0,0,1
527957,20.0,0,1,0
527958,36.0,0,0,1
527959,6.0,0,0,1
527960,8.0,0,0,1
527961,9.0,0,0,1
527962,13.0,0,0,1
527963,4.0,0,0,1
527964,5.0,0,0,1
527965,24.0,0,1,0
527966,7.0,0,0,1
527967,13.0,0,1,0
527968,8.0,0,0,1
527969,18.0,0,0,1
527971,15.0,0,1,0
527972,37.0,0,1,0
527973,40.0,0,1,0
527974,19.0,0,1,0
527975,30.0,0,0,1
527976,48.0,1,0,0
527977,18.0,0,1,0
527978,32.0,0,1,0
527979,15.0,0,1,0
527980,40.0,1,0,0
527981,19.0,0,0,1
527982,18.0,0,1,0
527983,36.0,0,1,0
527984,30.0,0,1,0
527985,39.0,0,1,0
527986,26.0,0,1,0
527987,30.0,0,1,0
527988,16.0,0,1,0
527989,25.0,0,1,0
527990,10.0,0,1,0
527991,25.0,0,1,0
527992,12.0,0,1,0
527993,17.0,0,1,0
527994,17.0,0,1,0
527995,23.0,0,1,0
527996,33.0,0,1,0
527997,9.0,0,1,0
527998,16.0,0,1,0
527999,32.0,1,0,0
528000,12.0,0,1,0
528001,20.0,0,1,0
528002,27.0,0,1,0
528003,32.0,0,1,0
528004,14.0,0,1,0
528005,7.0,0,0,1
528006,17.0,0,0,1
528007,6.0,0,0,1
528008,15.0,0,0,1
528009,7.0,0,0,1
528010,19.0,0,1,0
528011,11.0,0,1,0
528013,6.0,0,0,1
528014,25.0,0,1,0
528015,22.0,0,1,0
528016,1.0,0,0,1
528017,20.0,0,0,1
528018,18.0,0,1,0
528019,5.0,0,0,1
528020,13.0,0,0,1
528021,11.0,0,1,0
528022,6.0,0,0,1
528023,22.0,0,0,1
528024,16.0,0,0,1
528025,29.0,1,0,0
528026,17.0,0,1,0
528027,8.0,0,0,1
528028,0.0,0,0,1
528029,28.0,0,1,0
528030,9.0,0,0,1
528031,15.0,0,0,1
528032,13.0,0,0,1
528033,4.0,0,0,1
528034,13.0,0,1,0
528035,5.0,0,0,1
528036,4.0,0,0,1
528037,4.0,0,0,1
528039,25.0,1,0,0
528040,19.0,0,1,0
528041,2.0,0,0,1
528042,9.0,0,0,1
528043,20.0,0,0,1
528044,5.0,0,0,1
528045,4.0,0,0,1
528046,33.0,0,0,1
528047,6.0,0,0,1
528048,20.0,0,0,1
528049,6.0,0,1,0
528051,7.0,0,0,1
528052,5.0,0,0,1
528053,9.0,0,0,1
528054,7.0,0,0,1
528055,9.0,0,0,1
528056,10.0,0,0,1
528057,14.0,0,0,1
528058,11.0,0,0,1
528059,15.0,0,1,0
528060,5.0,0,0,1
528061,6.0,0,0,1
528062,19.0,0,0,1
528063,9.0,0,0,1
528064,5.0,0,0,1
528065,24.0,0,0,1
528066,15.0,0,1,0
528067,7.0,0,0,1
528068,49.0,0,1,0
528069,24.0,0,0,1
528070,17.0,0,0,1
528071,5.0,0,0,1
528072,38.0,0,0,1
528073,25.0,0,1,0
528074,37.0,0,0,1
528075,31.0,0,0,1
528076,24.0,0,0,1
528077,28.0,0,0,1
528078,16.0,0,1,0
528079,14.0,0,0,1
528080,17.0,0,1,0
528081,9.0,0,0,1
528082,23.0,0,0,1
528083,23.0,0,0,1
528084,5.0,0,1,0
528085,38.0,0,0,1
528086,11.0,0,0,1
528087,27.0,0,1,0
528088,17.0,0,0,1
528089,28.0,0,1,0
528090,11.0,0,1,0
528091,11.0,0,0,1
528093,20.0,0,1,0
528094,41.0,0,1,0
528095,27.0,0,0,1
528096,35.0,0,1,0
528097,6.0,0,1,0
528098,14.0,0,1,0
528099,30.0,0,0,1
528100,35.0,0,0,1
528101,31.0,0,0,1
528102,18.0,0,0,1
528103,15.0,0,0,1
528104,29.0,0,0,1
528105,12.0,1,0,0
528106,9.0,1,0,0
528107,13.0,1,0,0
528108,13.0,0,1,0
528109,13.0,1,0,0
528110,20.0,1,0,0
528111,22.0,1,0,0
528112,19.0,1,0,0
528113,22.0,1,0,0
528115,32.0,0,1,0
528116,23.0,1,0,0
528117,14.0,1,0,0
528118,12.0,1,0,0
528119,13.0,0,0,1
528120,51.0,1,0,0
528121,20.0,1,0,0
528122,36.0,1,0,0
528123,17.0,1,0,0
528124,11.0,1,0,0
528125,17.0,1,0,0
528126,18.0,1,0,0
528127,11.0,1,0,0
528128,17.0,1,0,0
528129,7.0,1,0,0
528130,15.0,1,0,0
528131,18.0,1,0,0
528132,21.0,1,0,0
528133,22.0,1,0,0
528135,12.0,1,0,0
528136,21.0,1,0,0
528137,27.0,1,0,0
528138,12.0,1,0,0
528139,29.0,1,0,0
528140,14.0,1,0,0
528141,13.0,1,0,0
528143,16.0,1,0,0
528145,13.0,1,0,0
528146,17.0,1,0,0
528147,10.0,0,1,0
528148,24.0,1,0,0
528149,30.0,1,0,0
528150,18.0,1,0,0
528151,16.0,1,0,0
528152,26.0,1,0,0
528153,24.0,1,0,0
528154,41.0,1,0,0
528155,14.0,1,0,0
528156,17.0,1,0,0
528157,27.0,1,0,0
528158,5.0,1,0,0
528159,36.0,1,0,0
528160,18.0,1,0,0
528161,3.0,0,0,1
528162,13.0,0,0,1
528163,27.0,0,0,1
528164,12.0,0,0,1
528165,13.0,0,0,1
528166,6.0,0,0,1
528167,20.0,0,0,1
528168,5.0,0,0,1
528169,11.0,0,0,1
528170,10.0,0,0,1
528171,35.0,0,1,0
528172,33.0,0,1,0
528173,34.0,0,1,0
528174,9.0,0,1,0
528175,28.0,0,1,0
528176,7.0,0,1,0
528177,18.0,0,1,0
528178,8.0,0,0,1
528179,15.0,0,1,0
528180,14.0,0,0,1
528181,12.0,0,0,1
528182,6.0,0,0,1
528183,3.0,0,0,1
528184,7.0,0,0,1
528185,12.0,0,1,0
528186,8.0,0,0,1
528187,15.0,0,0,1
528188,8.0,0,0,1
528189,8.0,0,0,1
528190,18.0,0,0,1
528191,13.0,0,0,1
528192,13.0,0,0,1
528193,12.0,0,0,1
528194,12.0,0,0,1
528195,13.0,0,0,1
528196,8.0,0,0,1
528197,6.0,0,0,1
528198,31.0,1,0,0
528199,20.0,0,1,0
528200,24.0,1,0,0
528201,20.0,0,1,0
528202,7.0,0,1,0
528203,12.0,0,1,0
528204,4.0,0,0,1
528205,4.0,0,0,1
528206,28.0,0,0,1
528207,16.0,0,0,1
528208,11.0,0,0,1
528209,14.0,0,0,1
528210,20.0,0,0,1
528211,12.0,0,0,1
528212,20.0,0,0,1
528213,17.0,0,1,0
528214,13.0,0,0,1
528215,17.0,0,0,1
528216,4.0,0,0,1
528217,18.0,0,0,1
528218,12.0,0,1,0
528219,37.0,0,0,1
528220,8.0,0,0,1
528221,28.0,0,0,1
528222,22.0,0,1,0
528223,22.0,0,0,1
528224,15.0,0,1,0
528225,28.0,0,0,1
528226,6.0,0,0,1
528227,6.0,0,0,1
528228,16.0,0,0,1
528229,32.0,0,0,1
528230,4.0,0,0,1
528231,6.0,0,0,1
528232,13.0,0,0,1
528233,7.0,0,1,0
528234,12.0,0,0,1
528235,23.0,1,0,0
528236,14.0,1,0,0
528237,13.0,0,0,1
528238,15.0,0,0,1
528239,34.0,0,0,1
528241,5.0,0,0,1
528242,5.0,0,0,1
580892,,1,0,0
580893,,0,1,0
580894,39.0,1,0,0
580895,,0,1,0
580896,,0,1,0
580897,,0,0,1
580899,52.0,1,0,0
580900,21.0,0,1,0
580901,27.0,1,0,0
580902,,0,1,0
580905,1.0,0,0,1
580906,24.0,0,0,1
580907,76.0,0,1,0
580908,,0,0,1
580911,34.0,0,0,0
580912,26.0,0,0,1
580913,32.0,0,1,0
580914,20.0,0,0,0
580917,34.0,0,0,1
580918,25.0,1,0,0
580919,,1,0,0
580920,17.0,1,0,0
580921,20.0,1,0,0
580923,7.0,0,1,0
580925,4.0,1,0,0
580926,10.0,0,1,0
580927,40.0,0,0,1
580928,7.0,0,1,0
580929,,0,0,1
580930,39.0,0,1,0
580931,62.0,1,0,0
580932,,0,1,0
580933,4.0,0,0,1
580935,,0,1,0
580936,13.0,0,0,1
580938,42.0,1,0,0
580939,37.0,1,0,0
580940,10.0,0,1,0
580941,14.0,1,0,0
580942,35.0,1,0,0
580943,17.0,1,0,0
580944,16.0,0,1,0
580946,10.0,1,0,0
580947,12.0,1,0,0
580949,59.0,1,0,0
580950,14.0,1,0,0
580951,,0,0,1
580952,,0,1,0
580954,36.0,1,0,0
580956,21.0,1,0,0
580958,58.0,1,0,0
580959,16.0,0,0,0
580961,10.0,0,1,0
580964,30.0,1,0,0
580965,,1,0,0
580966,24.0,0,0,1
580968,19.0,0,1,0
580969,9.0,0,0,1
580972,11.0,0,1,0
580973,59.0,1,0,0
580974,,0,1,0
580976,13.0,1,0,0
580977,12.0,0,1,0
580978,5.0,0,0,1
580979,,0,1,0
580981,5.0,1,0,0
580982,27.0,1,0,0
580983,52.0,1,0,0
580984,6.0,0,1,0
580986,21.0,1,0,0
580987,30.0,0,0,1
580988,,0,0,1
580989,17.0,0,1,0
580993,16.0,0,1,0
580995,,1,0,0
580996,39.0,1,0,0
580997,6.0,0,1,0
580998,7.0,1,0,0
580999,,0,0,1
581001,18.0,1,0,0
581002,,1,0,0
581003,10.0,0,0,1
581004,10.0,0,0,1
581007,13.0,1,0,0
581008,7.0,0,1,0
581011,23.0,0,0,1
581013,,1,0,0
581014,10.0,1,0,0
581017,18.0,0,0,1
581018,18.0,1,0,0
581019,9.0,1,0,0
581020,27.0,1,0,0
581021,,0,0,0
581024,13.0,0,1,0
581025,17.0,0,0,1
581026,19.0,1,0,0
581027,9.0,1,0,0
581028,11.0,0,0,1
581029,11.0,0,0,1
581030,15.0,0,1,0
581031,7.0,1,0,0
581032,,0,0,1
581033,,1,0,0
581034,7.0,0,0,1
581035,11.0,1,0,0
581036,27.0,0,1,0
581039,13.0,0,0,1
581040,5.0,1,0,0
581043,7.0,0,0,1
581044,12.0,0,0,1
581045,17.0,1,0,0
581046,,0,1,0
581050,1.0,1,0,0
581051,19.0,0,0,1
581052,,0,0,1
581053,17.0,0,1,0
581055,8.0,1,0,0
581056,12.0,1,0,0
581057,,0,1,0
581059,,0,1,0
581060,17.0,1,0,0
581061,,1,0,0
581062,17.0,0,1,0
581063,,0,0,0
581064,23.0,0,0,1
581067,20.0,0,1,0
581068,38.0,0,1,0
581069,,0,0,1
581070,17.0,0,0,1
581071,21.0,0,1,0
581072,6.0,0,1,0
581073,16.0,0,1,0
581074,60.0,1,0,0
581075,44.0,0,0,1
581076,15.0,0,1,0
581077,24.0,0,1,0
581079,,0,1,0
581085,27.0,0,0,1
581086,15.0,0,1,0
581087,60.0,0,1,0
581088,10.0,0,0,1
581089,26.0,1,0,0
581090,37.0,1,0,0
581091,51.0,0,1,0
581092,17.0,0,0,1
581093,20.0,1,0,0
581094,,0,0,1
581095,,0,0,1
581096,19.0,0,1,0
581097,9.0,0,1,0
581098,,0,0,1
581099,,0,0,1
581100,7.0,0,1,0
581101,12.0,0,0,1
581102,15.0,0,0,1
581103,22.0,0,1,0
581104,18.0,0,0,1
581105,17.0,0,0,1
581106,5.0,0,0,1
581107,67.0,0,0,1
581108,3.0,0,0,0
581109,24.0,0,0,1
581110,,1,0,0
581111,9.0,0,0,1
581112,7.0,0,0,1
581113,2.0,0,0,0
581114,,0,0,1
581115,,0,1,0
581116,22.0,0,0,1
581117,,0,1,0
581118,3.0,0,0,0
581119,4.0,0,0,1
581120,23.0,0,0,1
581122,22.0,0,0,1
581123,1.0,0,0,1
581124,17.0,0,0,1
581126,18.0,1,0,0
581128,11.0,0,0,1
581129,12.0,0,0,1
581130,59.0,0,1,0
581131,7.0,1,0,0
581132,25.0,0,0,1
581133,17.0,0,0,1
581134,15.0,0,0,1
581135,21.0,0,1,0
581136,,0,1,0
581137,4.0,0,1,0
581138,9.0,1,0,0
581139,22.0,0,1,0
581140,14.0,0,0,0
581141,10.0,0,1,0
581142,27.0,0,1,0
581143,20.0,0,0,1
581144,37.0,0,1,0
581145,27.0,0,0,1
581146,12.0,0,0,1
581147,8.0,1,0,0
581148,,0,1,0
581149,1.0,0,0,1
581150,56.0,0,0,1
581152,13.0,0,0,1
581153,13.0,0,1,0
581154,23.0,0,1,0
581155,32.0,0,0,1
581156,21.0,1,0,0
581157,,0,1,0
581158,15.0,0,1,0
581159,19.0,0,1,0
581160,,0,0,1
581161,37.0,0,1,0
581162,13.0,1,0,0
581164,13.0,0,0,1
581165,13.0,0,1,0
581166,13.0,0,0,1
581167,,0,0,1
581168,,0,0,1
581169,11.0,0,0,1
581170,5.0,0,0,0
581171,29.0,0,0,1
581173,23.0,0,1,0
581174,5.0,1,0,0
581176,,0,0,1
581178,,0,0,1
581180,28.0,0,0,1
581181,21.0,0,1,0
581182,36.0,0,0,1
581183,12.0,0,1,0
581184,,0,1,0
581186,,0,1,0
581187,,0,1,0
581188,,0,0,1
581189,24.0,0,1,0
581190,,0,0,1
581192,,0,0,1
581193,13.0,0,0,1
581194,25.0,0,0,1
581195,12.0,0,0,1
581196,27.0,0,0,1
581197,6.0,0,0,1
581199,6.0,0,0,1
581200,27.0,0,1,0
581201,22.0,0,0,1
581202,6.0,0,0,1
581203,24.0,1,0,0
581205,8.0,0,0,1
581206,,0,1,0
581207,34.0,0,0,1
581208,,0,0,1
581209,47.0,0,1,0
581211,,0,0,1
581213,10.0,1,0,0
581214,,0,1,0
581215,28.0,0,0,1
581216,,0,1,0
581217,20.0,0,0,1
581218,8.0,1,0,0
581219,,0,0,1
581220,11.0,0,0,1
581221,45.0,0,0,1
581222,32.0,0,0,1
581223,,0,0,1
581224,39.0,0,1,0
581225,45.0,0,0,1
581226,37.0,0,1,0
581227,,0,1,0
581236,13.0,0,0,1
581237,16.0,0,0,1
581238,6.0,0,0,1
581239,11.0,1,0,0
581240,26.0,0,1,0
581241,11.0,0,0,1
581243,,0,0,1
581244,4.0,0,0,1
581245,1.0,0,0,1
581246,32.0,0,0,1
581247,,0,0,1
581248,,0,0,1
581250,,0,0,1
581251,9.0,0,0,1
581252,,0,0,1
581253,7.0,0,0,1
581254,30.0,0,0,0
581255,32.0,0,0,1
581256,12.0,0,1,0
581258,4.0,0,0,1
581260,29.0,0,0,1
581261,24.0,0,0,0
581262,12.0,1,0,0
581263,14.0,0,1,0
581264,5.0,1,0,0
581265,12.0,0,1,0
581266,12.0,0,1,0
581267,,0,0,1
581268,12.0,0,0,1
581269,7.0,0,0,0
581270,9.0,0,0,0
581271,,0,0,1
581272,,0,1,0
581273,16.0,1,0,0
581274,,0,1,0
581275,30.0,1,0,0
581276,10.0,0,0,0
581278,12.0,0,0,1
581279,20.0,0,1,0
581280,,0,1,0
581281,27.0,0,0,1
581283,11.0,0,0,0
581284,,0,0,1
581285,,0,0,1
581286,,0,0,1
581287,39.0,0,1,0
581288,20.0,0,0,1
581289,27.0,0,0,1
581290,,0,0,1
581291,3.0,0,1,0
581292,8.0,0,1,0
581294,8.0,0,1,0
581297,18.0,0,1,0
581300,10.0,0,1,0
581301,15.0,0,0,1
581302,5.0,0,0,1
581305,,0,0,0
581306,,0,1,0
581307,14.0,0,1,0
581308,5.0,0,0,0
581309,,1,0,0
581310,12.0,0,0,1
581311,9.0,0,0,1
581313,20.0,0,1,0
581314,19.0,0,0,0
581315,42.0,0,0,0
581316,29.0,0,0,0
581318,41.0,0,0,1
581319,32.0,0,0,1
581320,14.0,1,0,0
581322,36.0,0,0,1
581324,,0,0,1
581325,,0,0,1
581326,5.0,0,0,1
581327,22.0,0,1,0
581328,40.0,0,0,1
581330,30.0,0,0,0
581331,35.0,0,0,0
581332,6.0,0,0,1
581333,4.0,0,0,1
581334,32.0,0,1,0
581335,12.0,0,0,0
581336,42.0,0,0,1
581337,30.0,0,1,0
581338,13.0,0,1,0
581339,,0,0,0
581341,19.0,0,1,0
581342,30.0,0,1,0
581343,2.0,0,0,0
581344,29.0,0,0,0
581345,19.0,0,0,1
581346,2.0,0,0,1
581347,5.0,0,0,1
581348,15.0,0,0,0
581350,49.0,0,0,1
581351,32.0,0,0,1
581352,10.0,0,0,0
581353,17.0,1,0,0
581355,7.0,0,1,0
581356,5.0,0,0,1
581357,6.0,0,1,0
581358,6.0,1,0,0
581359,6.0,1,0,0
581360,11.0,0,0,1
581361,7.0,1,0,0
581362,6.0,1,0,0
581363,12.0,0,1,0
581364,5.0,0,1,0
581365,7.0,0,0,1
581366,12.0,0,1,0
581367,10.0,1,0,0
581368,11.0,1,0,0
581369,15.0,0,0,1
581370,7.0,1,0,0
581371,16.0,0,0,1
581373,6.0,0,0,1
581374,1.0,0,0,0
581375,,0,0,1
581376,1.0,0,1,0
581377,11.0,0,0,1
581378,12.0,0,0,1
581379,14.0,0,0,1
581380,,0,1,0
581381,9.0,0,0,1
581382,,0,0,1
581383,15.0,0,1,0
581385,36.0,0,0,1
581386,42.0,0,1,0
581388,5.0,0,1,0
581389,68.0,0,0,0
581390,44.0,0,0,1
581392,8.0,1,0,0
581395,,0,0,1
581398,22.0,0,0,1
581399,9.0,1,0,0
581400,34.0,0,0,1
581401,29.0,0,1,0
581402,,0,0,1
581403,22.0,0,0,1
581417,64.0,0,1,0
581431,9.0,0,0,1
581434,31.0,0,0,1
581448,11.0,0,0,0
581450,,0,1,0
581495,12.0,0,0,1
581499,32.0,0,1,0
581508,45.0,0,1,0
581510,18.0,0,1,0
581515,18.0,0,1,0
581522,42.0,0,0,0
581527,,0,0,1
581530,,0,1,0
581532,22.0,0,1,0
581534,11.0,0,0,0
581539,,1,0,0
581551,30.0,0,1,0
581552,29.0,0,1,0
581554,32.0,0,1,0
581556,13.0,0,0,1
581570,37.0,1,0,0
581572,24.0,0,0,1
581576,16.0,1,0,0
581585,22.0,0,0,1
581587,,0,0,1
581590,22.0,0,1,0
581591,,0,0,1
581592,27.0,0,1,0
581601,9.0,1,0,0
581618,52.0,0,1,0
581620,12.0,0,1,0
581621,14.0,0,1,0
581622,9.0,1,0,0
581625,17.0,0,0,1
581628,14.0,0,1,0
581629,11.0,0,1,0
581631,10.0,1,0,0
581636,19.0,0,0,1
581637,43.0,0,0,1
581638,19.0,1,0,0
581648,12.0,1,0,0
581656,15.0,0,1,0
581661,32.0,0,0,1
581670,9.0,1,0,0
581671,4.0,0,0,1
581678,32.0,0,0,1
581681,46.0,0,1,0
581683,6.0,0,1,0
581701,11.0,1,0,0
581704,,0,1,0
581705,7.0,1,0,0
581707,11.0,1,0,0
581709,12.0,0,1,0
581718,5.0,0,0,1
581729,26.0,1,0,0
581737,22.0,0,1,0
581740,21.0,0,1,0
581749,13.0,0,1,0
581751,10.0,1,0,0
581753,14.0,0,0,1
581755,24.0,0,0,1
581756,10.0,0,1,0
581760,,0,1,0
581767,47.0,0,0,1
581773,28.0,1,0,0
581788,42.0,1,0,0
581795,42.0,1,0,0
581796,21.0,1,0,0
581799,37.0,1,0,0
581800,20.0,1,0,0
581802,34.0,0,0,1
581803,53.0,0,0,0
581805,20.0,0,1,0
581821,48.0,0,0,1
581827,,0,0,1
581861,34.0,0,1,0
581870,17.0,0,1,0
581872,13.0,0,0,1
581873,20.0,0,1,0
581874,41.0,0,0,1
581875,20.0,0,0,1
581876,9.0,0,0,1
581877,,0,0,1
581878,13.0,0,0,1
581879,7.0,0,1,0
581880,15.0,0,0,1
581881,29.0,0,0,1
581882,11.0,0,0,1
581883,19.0,0,0,1
581884,30.0,0,0,1
581885,10.0,0,0,1
581886,16.0,0,0,1
581887,7.0,0,0,1
581888,37.0,0,0,1
581889,16.0,0,1,0
581890,27.0,0,0,1
581891,14.0,0,1,0
581892,,0,0,1
581893,11.0,0,1,0
581894,21.0,0,1,0
581895,14.0,0,0,1
581896,4.0,0,1,0
581897,19.0,0,0,1
581898,25.0,0,0,1
581899,8.0,0,0,1
581900,9.0,0,1,0
581901,19.0,0,0,1
581902,16.0,0,1,0
581903,20.0,0,1,0
581904,8.0,0,0,1
581905,20.0,1,0,0
581906,22.0,0,1,0
581907,19.0,0,0,1
581908,5.0,0,0,1
581909,17.0,0,0,1
581910,21.0,0,1,0
581911,9.0,0,1,0
581912,21.0,1,0,0
581914,20.0,1,0,0
581918,8.0,0,0,1
581923,,0,1,0
581924,35.0,0,1,0
581925,,0,1,0
581926,14.0,0,1,0
581927,16.0,0,1,0
581928,12.0,0,1,0
581929,22.0,1,0,0
581930,20.0,0,1,0
581931,14.0,1,0,0
581932,19.0,0,1,0
581933,34.0,0,1,0
581934,36.0,0,1,0
581935,64.0,1,0,0
581936,25.0,1,0,0
581937,28.0,1,0,0
581938,26.0,0,0,1
581939,13.0,0,0,1
581940,19.0,0,1,0
581941,,0,0,1
581942,10.0,1,0,0
581945,62.0,0,1,0
581946,41.0,0,0,1
581947,20.0,0,1,0
581948,25.0,0,1,0
581949,39.0,0,0,1
581950,6.0,0,1,0
581951,10.0,0,0,1
581952,17.0,0,1,0
581953,27.0,0,1,0
581954,8.0,0,1,0
581955,41.0,0,1,0
581956,52.0,0,1,0
581957,23.0,0,1,0
581959,9.0,0,0,1
581960,33.0,0,0,1
581961,32.0,0,0,1
581962,50.0,1,0,0
581963,61.0,0,1,0
581964,36.0,1,0,0
581965,,0,0,0
581966,,0,0,1
581967,12.0,0,0,1
581968,22.0,0,0,1
581969,,0,0,1
581970,,0,1,0
581971,14.0,0,0,1
581972,23.0,1,0,0
581973,13.0,0,1,0
581974,17.0,0,1,0
581977,10.0,1,0,0
581978,20.0,0,0,1
581979,,0,1,0
581982,14.0,1,0,0
581983,17.0,0,0,1
581984,12.0,0,0,0
581985,9.0,1,0,0
581986,8.0,0,0,0
581987,8.0,0,0,1
581988,20.0,1,0,0
581989,12.0,0,1,0
581990,17.0,0,0,0
581991,16.0,0,0,1
581992,7.0,0,1,0
581993,6.0,0,0,1
581994,20.0,0,0,1
581995,11.0,0,1,0
581996,16.0,0,1,0
581997,16.0,0,1,0
581998,12.0,0,0,1
581999,28.0,0,1,0
582000,16.0,1,0,0
582001,30.0,0,1,0
582002,32.0,0,1,0
582003,52.0,0,1,0
582004,18.0,0,1,0
582005,20.0,0,1,0
582006,22.0,0,0,1
582007,16.0,0,0,1
582008,25.0,1,0,0
582009,25.0,0,0,1
582010,7.0,0,0,1
582014,2.0,0,0,1
582015,22.0,0,0,1
582018,,0,0,1
582021,22.0,0,0,1
582029,,0,1,0
582031,6.0,0,0,1
582032,2.0,0,0,1
582033,13.0,0,0,0
582034,11.0,0,0,1
582035,,0,0,0
582037,,1,0,0
582039,,1,0,0
582040,,0,0,1
582041,17.0,0,0,1
582042,13.0,0,1,0
582043,,0,1,0
582045,,0,1,0
582046,12.0,0,0,1
582047,10.0,0,0,1
582048,,0,0,1
582060,25.0,1,0,0
582061,54.0,0,1,0
582062,12.0,0,0,1
582063,28.0,0,0,1
582064,15.0,0,0,1
582065,56.0,0,1,0
582066,16.0,0,1,0
582067,16.0,0,0,1
582068,20.0,0,0,1
582069,20.0,0,0,1
582070,10.0,0,0,1
582071,14.0,0,0,1
582074,20.0,0,0,1
582075,12.0,0,0,1
582076,18.0,0,0,1
582078,36.0,0,0,1
582079,4.0,0,0,1
582080,32.0,0,0,1
582081,46.0,0,1,0
582082,17.0,0,0,1
582084,48.0,0,0,1
582085,37.0,0,0,1
582086,28.0,0,0,1
582087,48.0,0,0,1
582088,22.0,0,0,1
582089,37.0,0,0,1
582090,47.0,0,1,0
582092,12.0,0,0,1
582094,22.0,0,1,0
582095,12.0,0,1,0
582096,27.0,1,0,0
582097,,0,0,1
582098,27.0,0,1,0
582099,47.0,1,0,0
582100,33.0,0,1,0
582101,20.0,0,1,0
582102,32.0,1,0,0
582103,18.0,1,0,0
582104,60.0,0,1,0
582105,28.0,1,0,0
582106,12.0,0,1,0
582107,28.0,0,1,0
582108,53.0,0,0,1
582109,64.0,0,1,0
582110,47.0,1,0,0
582111,19.0,0,1,0
582112,28.0,0,1,0
582114,19.0,1,0,0
582115,9.0,0,1,0
582116,50.0,1,0,0
582117,37.0,1,0,0
582118,72.0,1,0,0
582119,48.0,1,0,0
582120,15.0,0,0,0
582121,,0,1,0
582122,,0,0,1
582123,,0,0,0
582124,,0,0,1
582125,,0,1,0
582126,17.0,0,0,0
582127,,0,1,0
582128,,0,0,1
582129,18.0,0,0,1
582130,,0,0,1
582131,,0,0,0
582132,,0,0,1
582134,13.0,0,1,0
582135,20.0,1,0,0
582136,14.0,0,1,0
582137,,0,1,0
582138,,0,0,1
