idstd,hd7,colab,country
562277,2,0,IN
562278,2,0,IN
562280,2,0,IN
562281,2,0,IN
562283,2,0,IN
562284,2,0,IN
562287,2,0,IN
562288,2,0,IN
562289,2,0,IN
562291,2,0,IN
562298,1,1,IN
562304,2,0,IN
562305,2,0,IN
562309,1,1,IN
562314,1,1,IN
562317,-9,0,IN
562318,-9,0,IN
562321,1,1,IN
562323,,,IN
562327,1,1,IN
562329,2,0,IN
562333,2,0,IN
562343,2,0,IN
562345,2,0,IN
562347,1,1,IN
562350,2,0,IN
562352,1,1,IN
562356,1,1,IN
562367,,,IN
562368,,,IN
562370,2,0,IN
562372,1,1,IN
562377,,,IN
562383,2,0,IN
562386,2,0,IN
562388,2,0,IN
562393,2,0,IN
562397,2,0,IN
562401,2,0,IN
562405,1,1,IN
562407,2,0,IN
562409,2,0,IN
562410,2,0,IN
562411,2,0,IN
562412,2,0,IN
562414,2,0,IN
562416,2,0,IN
562417,2,0,IN
562422,2,0,IN
562440,2,0,IN
562448,2,0,IN
562455,2,0,IN
562462,2,0,IN
562466,2,0,IN
562467,,,IN
562470,2,0,IN
562475,2,0,IN
562477,2,0,IN
562481,,,IN
562484,2,0,IN
562491,2,0,IN
562493,2,0,IN
562497,2,0,IN
562500,2,0,IN
562501,2,0,IN
562502,2,0,IN
562503,2,0,IN
562507,2,0,IN
562508,2,0,IN
562509,1,1,IN
562510,2,0,IN
562511,2,0,IN
562512,2,0,IN
562514,2,0,IN
562515,2,0,IN
562520,2,0,IN
562524,2,0,IN
562527,1,1,IN
562534,1,1,IN
562548,2,0,IN
562550,1,1,IN
562554,2,0,IN
562555,2,0,IN
562559,2,0,IN
562562,2,0,IN
562566,,,IN
562568,2,0,IN
562574,2,0,IN
562578,,,IN
562580,2,0,IN
562581,,,IN
562583,2,0,IN
562584,,,IN
562585,1,1,IN
562605,2,0,IN
562606,2,0,IN
562609,2,0,IN
562610,2,0,IN
562612,2,0,IN
562613,,,IN
562614,2,0,IN
562623,1,1,IN
562626,2,0,IN
562628,2,0,IN
562630,,,IN
562631,2,0,IN
562632,2,0,IN
562633,2,0,IN
562638,2,0,IN
562640,1,1,IN
562643,2,0,IN
562647,1,1,IN
562648,1,1,IN
562649,,,IN
562650,2,0,IN
562652,2,0,IN
562653,1,1,IN
562654,2,0,IN
562655,2,0,IN
562656,,,IN
562657,2,0,IN
562658,2,0,IN
562661,2,0,IN
562662,2,0,IN
562663,2,0,IN
562666,2,0,IN
562667,2,0,IN
562669,2,0,IN
562673,,,IN
562674,2,0,IN
562676,,,IN
562677,,,IN
562679,2,0,IN
562680,2,0,IN
562681,1,1,IN
562685,1,1,IN
562691,,,IN
562695,1,1,IN
562696,1,1,IN
562697,1,1,IN
562701,1,1,IN
562702,1,1,IN
562704,1,1,IN
562706,1,1,IN
562712,2,0,IN
562713,2,0,IN
562714,1,1,IN
562716,2,0,IN
562717,2,0,IN
562721,,,IN
562722,,,IN
562725,1,1,IN
562726,1,1,IN
562727,1,1,IN
562728,2,0,IN
562729,,,IN
562736,2,0,IN
562737,2,0,IN
562740,1,1,IN
562741,2,0,IN
562744,,,IN
562745,2,0,IN
562746,2,0,IN
562752,2,0,IN
562755,2,0,IN
562756,2,0,IN
562757,,,IN
562761,2,0,IN
562762,,,IN
562763,2,0,IN
562765,2,0,IN
562768,2,0,IN
562772,1,1,IN
562775,1,1,IN
562777,,,IN
562778,1,1,IN
562780,2,0,IN
562782,2,0,IN
562785,2,0,IN
562786,,,IN
562789,1,1,IN
562791,1,1,IN
562797,2,0,IN
562798,1,1,IN
562801,2,0,IN
562802,2,0,IN
562806,1,1,IN
562807,,,IN
562809,,,IN
562810,,,IN
562812,1,1,IN
562815,1,1,IN
562818,1,1,IN
562820,2,0,IN
562827,,,IN
562828,1,1,IN
562831,2,0,IN
562833,1,1,IN
562834,,,IN
562835,-9,0,IN
562836,2,0,IN
562843,2,0,IN
562849,,,IN
562852,,,IN
562855,,,IN
562857,2,0,IN
562858,2,0,IN
562860,2,0,IN
562861,2,0,IN
562862,2,0,IN
562863,2,0,IN
562864,,,IN
562865,2,0,IN
562866,2,0,IN
562874,2,0,IN
562875,2,0,IN
562876,2,0,IN
562878,2,0,IN
562879,2,0,IN
562881,2,0,IN
562886,2,0,IN
562889,2,0,IN
562890,2,0,IN
562891,2,0,IN
562898,2,0,IN
562901,2,0,IN
562904,1,1,IN
562905,2,0,IN
562908,2,0,IN
562913,2,0,IN
562914,2,0,IN
562915,2,0,IN
562916,1,1,IN
562921,2,0,IN
562925,2,0,IN
562926,2,0,IN
562929,2,0,IN
562930,1,1,IN
562932,1,1,IN
562933,1,1,IN
562934,1,1,IN
562935,1,1,IN
562936,1,1,IN
562938,1,1,IN
562939,2,0,IN
562945,2,0,IN
562946,2,0,IN
562948,1,1,IN
562951,2,0,IN
562952,1,1,IN
562956,1,1,IN
562960,2,0,IN
562961,1,1,IN
562967,2,0,IN
562968,2,0,IN
562971,2,0,IN
562972,2,0,IN
562974,2,0,IN
562975,1,1,IN
562977,2,0,IN
562980,1,1,IN
562982,2,0,IN
562983,2,0,IN
562988,2,0,IN
562989,2,0,IN
562990,2,0,IN
562992,2,0,IN
562994,2,0,IN
562995,2,0,IN
562998,2,0,IN
563007,2,0,IN
563008,2,0,IN
563011,2,0,IN
563014,2,0,IN
563015,1,1,IN
563019,2,0,IN
563020,2,0,IN
563022,2,0,IN
563023,2,0,IN
563025,2,0,IN
563029,2,0,IN
563030,2,0,IN
563038,2,0,IN
563041,2,0,IN
563053,2,0,IN
563055,2,0,IN
563057,2,0,IN
563058,2,0,IN
563059,1,1,IN
563060,1,1,IN
563061,2,0,IN
563062,1,1,IN
563063,1,1,IN
563064,1,1,IN
563065,1,1,IN
563066,,,IN
563067,1,1,IN
563069,,,IN
563071,1,1,IN
563073,1,1,IN
563074,1,1,IN
563075,2,0,IN
563076,2,0,IN
563077,2,0,IN
563078,2,0,IN
563079,-9,0,IN
563081,2,0,IN
563085,,,IN
563087,2,0,IN
563088,2,0,IN
563091,2,0,IN
563093,1,1,IN
563095,2,0,IN
563097,1,1,IN
563098,,,IN
563101,2,0,IN
563104,1,1,IN
563105,1,1,IN
563106,2,0,IN
563109,2,0,IN
563110,2,0,IN
563111,1,1,IN
563118,2,0,IN
563120,2,0,IN
563122,2,0,IN
563125,2,0,IN
563131,2,0,IN
563132,,,IN
563135,1,1,IN
563138,1,1,IN
563146,,,IN
563147,2,0,IN
563149,1,1,IN
563151,,,IN
563155,,,IN
563156,2,0,IN
563161,2,0,IN
563162,2,0,IN
563168,2,0,IN
563170,2,0,IN
563173,2,0,IN
563175,2,0,IN
563176,2,0,IN
563178,2,0,IN
563179,2,0,IN
563180,2,0,IN
563181,2,0,IN
563182,2,0,IN
563186,2,0,IN
563188,2,0,IN
563192,,,IN
563194,2,0,IN
563202,2,0,IN
563205,1,1,IN
563207,2,0,IN
563213,2,0,IN
563215,2,0,IN
563218,2,0,IN
563219,1,1,IN
563222,2,0,IN
563225,1,1,IN
563231,2,0,IN
563235,2,0,IN
563247,-9,0,IN
563249,2,0,IN
563253,1,1,IN
563255,,,IN
563257,2,0,IN
563263,2,0,IN
563269,2,0,IN
563270,1,1,IN
563272,1,1,IN
563274,2,0,IN
563277,1,1,IN
563279,1,1,IN
563285,2,0,IN
563286,2,0,IN
563288,2,0,IN
563290,2,0,IN
563291,1,1,IN
563292,2,0,IN
563295,2,0,IN
563296,2,0,IN
563298,2,0,IN
563301,1,1,IN
563306,2,0,IN
563307,,,IN
563309,1,1,IN
563310,1,1,IN
563312,2,0,IN
563314,1,1,IN
563315,2,0,IN
563316,2,0,IN
563317,2,0,IN
563320,2,0,IN
563321,2,0,IN
563322,2,0,IN
563325,2,0,IN
563332,2,0,IN
563337,1,1,IN
563345,1,1,IN
563346,1,1,IN
563348,2,0,IN
563350,2,0,IN
563351,1,1,IN
563352,,,IN
563353,2,0,IN
563354,2,0,IN
563356,1,1,IN
563358,1,1,IN
563359,2,0,IN
563360,2,0,IN
563365,2,0,IN
563378,2,0,IN
563381,1,1,IN
563384,,,IN
563385,,,IN
563386,2,0,IN
563393,2,0,IN
563394,2,0,IN
563397,2,0,IN
563399,2,0,IN
563401,1,1,IN
563402,2,0,IN
563405,2,0,IN
563407,2,0,IN
563410,2,0,IN
563411,1,1,IN
563415,2,0,IN
563416,2,0,IN
563419,2,0,IN
563422,1,1,IN
563423,2,0,IN
563425,,,IN
563427,1,1,IN
563429,2,0,IN
563431,2,0,IN
563432,,,IN
563433,2,0,IN
563436,1,1,IN
563439,1,1,IN
563440,,,IN
563443,2,0,IN
563444,1,1,IN
563448,2,0,IN
563449,2,0,IN
563451,2,0,IN
563456,1,1,IN
563459,2,0,IN
563460,,,IN
563461,2,0,IN
563462,2,0,IN
563465,2,0,IN
563467,,,IN
563468,,,IN
563469,,,IN
563471,2,0,IN
563472,2,0,IN
563473,2,0,IN
563474,2,0,IN
563475,1,1,IN
563476,2,0,IN
563478,2,0,IN
563480,2,0,IN
563481,1,1,IN
563489,,,IN
563490,2,0,IN
563491,,,IN
563492,1,1,IN
563493,,,IN
563495,1,1,IN
563496,1,1,IN
563497,1,1,IN
563498,2,0,IN
563501,2,0,IN
563503,,,IN
563504,,,IN
563515,2,0,IN
563518,-9,0,IN
563521,,,IN
563525,2,0,IN
563528,,,IN
563533,,,IN
563535,,,IN
563537,,,IN
563538,,,IN
563539,,,IN
563542,,,IN
563545,,,IN
563551,,,IN
563552,,,IN
563553,,,IN
563556,,,IN
563559,,,IN
563560,,,IN
563563,,,IN
563564,,,IN
563568,,,IN
563571,,,IN
563573,,,IN
563575,,,IN
563578,,,IN
563579,,,IN
563580,,,IN
563581,,,IN
563583,1,1,IN
563584,,,IN
563587,,,IN
563588,,,IN
563589,,,IN
563590,,,IN
563591,,,IN
563592,,,IN
563593,,,IN
563598,2,0,IN
563599,,,IN
563600,,,IN
563603,,,IN
563605,,,IN
563606,,,IN
563611,,,IN
563619,,,IN
563622,,,IN
563627,,,IN
563629,,,IN
563631,,,IN
563633,,,IN
563634,,,IN
563635,,,IN
563636,,,IN
563637,,,IN
563639,,,IN
563640,,,IN
563641,,,IN
563642,,,IN
563646,,,IN
563650,,,IN
563651,,,IN
563655,,,IN
563660,,,IN
563663,,,IN
563664,2,0,IN
563665,1,1,IN
563671,2,0,IN
563679,,,IN
563681,2,0,IN
563684,2,0,IN
563685,,,IN
563688,2,0,IN
563698,2,0,IN
563699,,,IN
563704,,,IN
563709,,,IN
563711,,,IN
563715,,,IN
563716,,,IN
563719,1,1,IN
563720,,,IN
563722,,,IN
563725,,,IN
563733,1,1,IN
563734,,,IN
563740,,,IN
563741,,,IN
563743,,,IN
563744,2,0,IN
563756,,,IN
563764,,,IN
563769,,,IN
563774,,,IN
563780,,,IN
563783,,,IN
563785,,,IN
563786,,,IN
563787,2,0,IN
563789,,,IN
563794,,,IN
563797,2,0,IN
563799,,,IN
563801,2,0,IN
563802,2,0,IN
563804,,,IN
563805,,,IN
563806,2,0,IN
563809,,,IN
563810,,,IN
563811,2,0,IN
563812,,,IN
563817,1,1,IN
563819,2,0,IN
563821,2,0,IN
563822,2,0,IN
563823,,,IN
563824,2,0,IN
563825,,,IN
563829,2,0,IN
563833,,,IN
563834,-9,0,IN
563839,,,IN
563840,2,0,IN
563844,,,IN
563845,2,0,IN
563846,,,IN
563847,2,0,IN
563850,,,IN
563851,2,0,IN
563853,2,0,IN
563854,,,IN
563857,,,IN
563861,,,IN
563862,,,IN
563865,,,IN
563866,,,IN
563869,2,0,IN
563870,2,0,IN
563871,,,IN
563872,2,0,IN
563875,2,0,IN
563880,,,IN
563883,,,IN
563884,,,IN
563887,2,0,IN
563889,2,0,IN
563890,2,0,IN
563892,2,0,IN
563893,,,IN
563895,2,0,IN
563902,2,0,IN
563903,2,0,IN
563906,,,IN
563907,,,IN
563910,2,0,IN
563912,2,0,IN
563913,,,IN
563914,,,IN
563916,,,IN
563917,,,IN
563919,2,0,IN
563920,2,0,IN
563921,,,IN
563923,,,IN
563926,2,0,IN
563927,,,IN
563928,,,IN
563929,,,IN
563930,,,IN
563931,2,0,IN
563933,2,0,IN
563937,,,IN
563938,,,IN
563939,,,IN
563943,,,IN
563944,,,IN
563945,,,IN
563949,,,IN
563952,2,0,IN
563953,,,IN
563954,1,1,IN
563956,,,IN
563957,1,1,IN
563958,,,IN
563961,,,IN
563967,,,IN
563969,,,IN
563970,,,IN
563971,,,IN
563972,,,IN
563974,,,IN
563976,,,IN
563977,,,IN
563978,,,IN
563980,2,0,IN
563983,2,0,IN
563985,,,IN
563986,,,IN
563988,,,IN
563994,,,IN
563999,2,0,IN
564000,2,0,IN
564003,2,0,IN
564008,2,0,IN
564011,2,0,IN
564014,,,IN
564017,2,0,IN
564019,,,IN
564032,2,0,IN
564036,1,1,IN
564045,2,0,IN
564047,,,IN
564050,2,0,IN
564053,2,0,IN
564056,2,0,IN
564057,,,IN
564065,2,0,IN
564067,,,IN
564075,2,0,IN
564076,1,1,IN
564077,2,0,IN
564080,,,IN
564081,2,0,IN
564085,2,0,IN
564088,2,0,IN
564089,2,0,IN
564092,,,IN
564103,1,1,IN
564105,2,0,IN
564107,2,0,IN
564109,2,0,IN
564111,2,0,IN
564113,2,0,IN
564116,2,0,IN
564117,2,0,IN
564120,2,0,IN
564122,2,0,IN
564125,2,0,IN
564126,2,0,IN
564135,2,0,IN
564137,2,0,IN
564142,1,1,IN
564143,,,IN
564146,2,0,IN
564151,2,0,IN
564152,2,0,IN
564153,-9,0,IN
564154,,,IN
564155,,,IN
564157,2,0,IN
564158,2,0,IN
564159,,,IN
564160,1,1,IN
564161,2,0,IN
564165,2,0,IN
564166,,,IN
564167,1,1,IN
564168,2,0,IN
564169,2,0,IN
564171,2,0,IN
564174,2,0,IN
564175,2,0,IN
564176,1,1,IN
564178,2,0,IN
564179,,,IN
564181,2,0,IN
564183,,,IN
564185,,,IN
564188,,,IN
564189,2,0,IN
564198,2,0,IN
564202,,,IN
564207,2,0,IN
564209,,,IN
564211,,,IN
564214,,,IN
564221,,,IN
564222,,,IN
564225,,,IN
564226,1,1,IN
564228,,,IN
564229,,,IN
564231,2,0,IN
564232,,,IN
564235,,,IN
564236,,,IN
564237,2,0,IN
564241,,,IN
564242,,,IN
564243,,,IN
564249,2,0,IN
564252,2,0,IN
564254,2,0,IN
564257,,,IN
564258,1,1,IN
564263,,,IN
564264,,,IN
564269,2,0,IN
564273,,,IN
564274,2,0,IN
564277,2,0,IN
564278,2,0,IN
564279,,,IN
564280,1,1,IN
564282,,,IN
564296,,,IN
564297,,,IN
564307,,,IN
564308,,,IN
564323,,,IN
564328,,,IN
564342,2,0,IN
564353,2,0,IN
564358,,,IN
564359,,,IN
564360,,,IN
564362,2,0,IN
564364,2,0,IN
564365,2,0,IN
564366,2,0,IN
564369,2,0,IN
564383,2,0,IN
564389,,,IN
564391,,,IN
564392,,,IN
564395,,,IN
564396,-9,0,IN
564397,,,IN
564398,,,IN
564399,1,1,IN
564400,1,1,IN
564402,,,IN
564403,,,IN
564404,,,IN
564405,,,IN
564407,-9,0,IN
564409,,,IN
564411,2,0,IN
564412,,,IN
564413,2,0,IN
564414,2,0,IN
564415,-9,0,IN
564416,,,IN
564417,,,IN
564418,,,IN
564419,,,IN
564420,1,1,IN
564421,2,0,IN
564422,-9,0,IN
564423,,,IN
564425,,,IN
564426,-9,0,IN
564427,,,IN
564428,,,IN
564434,,,IN
564436,,,IN
564437,,,IN
564441,1,1,IN
564442,-9,0,IN
564444,-9,0,IN
564445,,,IN
564446,1,1,IN
564447,1,1,IN
564448,2,0,IN
564454,1,1,IN
564458,2,0,IN
564460,2,0,IN
564462,1,1,IN
564463,,,IN
564465,,,IN
564466,,,IN
564467,,,IN
564471,,,IN
564472,,,IN
564473,1,1,IN
564474,1,1,IN
564481,1,1,IN
564484,2,0,IN
564485,2,0,IN
564487,1,1,IN
564488,2,0,IN
564490,2,0,IN
564491,1,1,IN
564492,,,IN
564493,,,IN
564494,1,1,IN
564497,,,IN
564498,1,1,IN
564500,,,IN
564503,2,0,IN
564504,2,0,IN
564508,1,1,IN
564512,2,0,IN
564513,2,0,IN
564514,2,0,IN
564515,,,IN
564516,2,0,IN
564517,,,IN
564519,2,0,IN
564521,2,0,IN
564523,2,0,IN
564525,1,1,IN
564527,2,0,IN
564531,2,0,IN
564532,2,0,IN
564533,2,0,IN
564534,2,0,IN
564535,1,1,IN
564539,2,0,IN
564540,2,0,IN
564541,2,0,IN
564544,2,0,IN
564545,1,1,IN
564547,1,1,IN
564550,1,1,IN
564552,1,1,IN
564557,2,0,IN
564558,1,1,IN
564562,2,0,IN
564564,2,0,IN
564565,2,0,IN
564573,2,0,IN
564574,-9,0,IN
564578,2,0,IN
564582,2,0,IN
564583,,,IN
564599,2,0,IN
564600,2,0,IN
564604,2,0,IN
564605,2,0,IN
564611,,,IN
564612,,,IN
564613,,,IN
564617,2,0,IN
564628,,,IN
564629,2,0,IN
564631,2,0,IN
564634,2,0,IN
564638,2,0,IN
564642,2,0,IN
564644,2,0,IN
564645,,,IN
564646,2,0,IN
564647,1,1,IN
564648,2,0,IN
564652,2,0,IN
564656,2,0,IN
564659,2,0,IN
564662,2,0,IN
564668,1,1,IN
564670,2,0,IN
564674,2,0,IN
564677,2,0,IN
564678,2,0,IN
564679,2,0,IN
564680,2,0,IN
564683,2,0,IN
564685,2,0,IN
564686,,,IN
564688,2,0,IN
564702,1,1,IN
564705,2,0,IN
564712,2,0,IN
564713,1,1,IN
564715,2,0,IN
564718,1,1,IN
564725,2,0,IN
564728,2,0,IN
564729,2,0,IN
564730,2,0,IN
564732,2,0,IN
564733,1,1,IN
564734,,,IN
564735,2,0,IN
564736,1,1,IN
564742,2,0,IN
564744,2,0,IN
564745,-9,0,IN
564747,2,0,IN
564748,,,IN
564758,2,0,IN
564759,2,0,IN
564760,2,0,IN
564762,2,0,IN
564766,1,1,IN
564770,2,0,IN
564771,,,IN
564776,1,1,IN
564777,1,1,IN
564778,2,0,IN
564779,,,IN
564780,2,0,IN
564781,2,0,IN
564784,2,0,IN
564786,2,0,IN
564797,2,0,IN
564802,2,0,IN
564805,1,1,IN
564808,2,0,IN
564809,1,1,IN
564813,2,0,IN
564814,-9,0,IN
564815,1,1,IN
564816,2,0,IN
564817,2,0,IN
564820,2,0,IN
564821,2,0,IN
564828,2,0,IN
564831,2,0,IN
564836,2,0,IN
564837,,,IN
564841,1,1,IN
564843,2,0,IN
564844,2,0,IN
564845,1,1,IN
564850,2,0,IN
564853,2,0,IN
564854,2,0,IN
564856,2,0,IN
564859,2,0,IN
564860,2,0,IN
564861,2,0,IN
564875,2,0,IN
564876,2,0,IN
564878,2,0,IN
564883,-9,0,IN
564884,-9,0,IN
564885,2,0,IN
564887,2,0,IN
564894,2,0,IN
564895,,,IN
564896,-9,0,IN
564897,2,0,IN
564898,2,0,IN
564899,2,0,IN
564903,-9,0,IN
564912,2,0,IN
564918,,,IN
564919,2,0,IN
564920,2,0,IN
564921,,,IN
564923,,,IN
564924,2,0,IN
564925,,,IN
564926,2,0,IN
564927,,,IN
564928,,,IN
564929,,,IN
564930,,,IN
564931,2,0,IN
564932,2,0,IN
564933,,,IN
564934,2,0,IN
564936,2,0,IN
564937,,,IN
564938,,,IN
564942,,,IN
564943,,,IN
564944,-9,0,IN
564945,2,0,IN
564952,2,0,IN
564954,,,IN
564958,2,0,IN
564961,2,0,IN
564965,1,1,IN
564970,2,0,IN
564974,2,0,IN
564975,,,IN
564976,2,0,IN
564978,,,IN
564979,2,0,IN
564984,,,IN
564986,,,IN
564989,,,IN
564992,2,0,IN
564993,1,1,IN
564996,2,0,IN
564997,,,IN
565000,2,0,IN
565001,,,IN
565005,,,IN
565006,2,0,IN
565008,2,0,IN
565009,-9,0,IN
565012,2,0,IN
565014,2,0,IN
565015,2,0,IN
565018,,,IN
565019,2,0,IN
565020,2,0,IN
565024,2,0,IN
565028,1,1,IN
565031,2,0,IN
565034,2,0,IN
565035,2,0,IN
565036,2,0,IN
565050,,,IN
565056,,,IN
565057,2,0,IN
565060,2,0,IN
565063,,,IN
565068,2,0,IN
565073,2,0,IN
565075,2,0,IN
565078,2,0,IN
565080,,,IN
565083,1,1,IN
565099,,,IN
565100,,,IN
565101,,,IN
565102,,,IN
565105,,,IN
565107,,,IN
565110,,,IN
565111,2,0,IN
565115,2,0,IN
565117,1,1,IN
565118,2,0,IN
565124,,,IN
565125,,,IN
565128,,,IN
565129,1,1,IN
565131,2,0,IN
565134,2,0,IN
565136,2,0,IN
565141,1,1,IN
565142,2,0,IN
565144,2,0,IN
565146,,,IN
565147,2,0,IN
565148,2,0,IN
565149,2,0,IN
565153,2,0,IN
565155,,,IN
565156,1,1,IN
565157,2,0,IN
565159,2,0,IN
565162,2,0,IN
565165,2,0,IN
565166,2,0,IN
565167,2,0,IN
565168,2,0,IN
565170,2,0,IN
565171,2,0,IN
565173,,,IN
565175,,,IN
565182,1,1,IN
565183,1,1,IN
565187,2,0,IN
565189,2,0,IN
565190,2,0,IN
565191,2,0,IN
565192,2,0,IN
565193,1,1,IN
565194,2,0,IN
565195,2,0,IN
565196,1,1,IN
565197,2,0,IN
565198,2,0,IN
565199,2,0,IN
565200,2,0,IN
565203,2,0,IN
565212,2,0,IN
565213,2,0,IN
565229,2,0,IN
565234,1,1,IN
565236,,,IN
565238,2,0,IN
565239,2,0,IN
565240,2,0,IN
565242,2,0,IN
565244,2,0,IN
565245,2,0,IN
565246,2,0,IN
565247,2,0,IN
565248,2,0,IN
565250,2,0,IN
565251,2,0,IN
565252,2,0,IN
565268,2,0,IN
565270,2,0,IN
565271,2,0,IN
565273,2,0,IN
565276,1,1,IN
565277,1,1,IN
565280,2,0,IN
565281,,,IN
565282,,,IN
565283,2,0,IN
565284,2,0,IN
565286,2,0,IN
565287,,,IN
565288,1,1,IN
565289,2,0,IN
565290,,,IN
565292,2,0,IN
565293,,,IN
565294,2,0,IN
565295,2,0,IN
565296,2,0,IN
565297,1,1,IN
565298,2,0,IN
565299,-9,0,IN
565300,2,0,IN
565301,2,0,IN
565302,2,0,IN
565303,,,IN
565306,2,0,IN
565308,2,0,IN
565312,2,0,IN
565317,2,0,IN
565318,2,0,IN
565322,2,0,IN
565323,2,0,IN
565327,2,0,IN
565332,2,0,IN
565357,,,IN
565362,2,0,IN
565364,2,0,IN
565365,2,0,IN
565369,,,IN
565374,2,0,IN
565375,2,0,IN
565376,2,0,IN
565378,,,IN
565379,,,IN
565381,2,0,IN
565387,2,0,IN
565389,2,0,IN
565396,2,0,IN
565397,2,0,IN
565398,,,IN
565399,,,IN
565400,2,0,IN
565401,,,IN
565402,,,IN
565403,2,0,IN
565406,,,IN
565409,,,IN
565414,2,0,IN
565415,2,0,IN
565416,2,0,IN
565424,2,0,IN
565425,2,0,IN
565429,1,1,IN
565430,2,0,IN
565432,,,IN
565445,1,1,IN
565448,2,0,IN
565450,,,IN
565451,,,IN
565452,,,IN
565453,2,0,IN
565454,2,0,IN
565455,2,0,IN
565456,2,0,IN
565457,2,0,IN
565458,1,1,IN
565459,2,0,IN
565473,2,0,IN
565481,2,0,IN
565482,2,0,IN
565485,2,0,IN
565488,2,0,IN
565489,2,0,IN
565491,2,0,IN
565492,2,0,IN
565494,2,0,IN
565496,2,0,IN
565505,,,IN
565511,2,0,IN
565512,2,0,IN
565514,2,0,IN
565517,2,0,IN
565520,,,IN
565529,2,0,IN
565535,2,0,IN
565542,2,0,IN
565543,2,0,IN
565544,,,IN
565555,2,0,IN
565569,2,0,IN
565571,,,IN
565573,,,IN
565577,,,IN
565578,-9,0,IN
565581,2,0,IN
565587,2,0,IN
565594,,,IN
565605,2,0,IN
565607,2,0,IN
565609,,,IN
565610,2,0,IN
565620,-9,0,IN
565623,,,IN
565635,2,0,IN
565636,2,0,IN
565642,1,1,IN
565646,,,IN
565649,2,0,IN
565653,1,1,IN
565656,,,IN
565657,,,IN
565658,2,0,IN
565661,-9,0,IN
565662,2,0,IN
565667,,,IN
565668,1,1,IN
565670,,,IN
565673,2,0,IN
565678,,,IN
565679,,,IN
565680,,,IN
565690,,,IN
565697,2,0,IN
565707,1,1,IN
565709,,,IN
565718,2,0,IN
565722,,,IN
565726,,,IN
565732,1,1,IN
565748,2,0,IN
565750,2,0,IN
565755,2,0,IN
565757,1,1,IN
565758,2,0,IN
565759,2,0,IN
565760,,,IN
565761,2,0,IN
565762,2,0,IN
565763,2,0,IN
565764,2,0,IN
565765,2,0,IN
565773,2,0,IN
565774,2,0,IN
565776,1,1,IN
565777,2,0,IN
565778,2,0,IN
565780,2,0,IN
565782,2,0,IN
565786,1,1,IN
565790,2,0,IN
565796,,,IN
565797,2,0,IN
565801,2,0,IN
565803,2,0,IN
565804,1,1,IN
565814,1,1,IN
565815,2,0,IN
565817,2,0,IN
565819,2,0,IN
565826,2,0,IN
565828,1,1,IN
565830,2,0,IN
565834,,,IN
565839,,,IN
565842,,,IN
565848,,,IN
565849,,,IN
565850,,,IN
565854,2,0,IN
565859,,,IN
565863,2,0,IN
565868,2,0,IN
565869,2,0,IN
565871,,,IN
565873,,,IN
565874,,,IN
565876,1,1,IN
565878,,,IN
565880,1,1,IN
565881,,,IN
565882,1,1,IN
565886,2,0,IN
565894,2,0,IN
565895,,,IN
565897,,,IN
565898,,,IN
565899,2,0,IN
565900,1,1,IN
565904,,,IN
565905,2,0,IN
565908,,,IN
565912,,,IN
565913,1,1,IN
565917,,,IN
565929,,,IN
565940,,,IN
565943,,,IN
565945,,,IN
565949,,,IN
565952,2,0,IN
565955,2,0,IN
565956,,,IN
565960,,,IN
565962,,,IN
565964,1,1,IN
565967,,,IN
565974,,,IN
565975,,,IN
565982,,,IN
565984,,,IN
565987,2,0,IN
565988,,,IN
565990,,,IN
565991,,,IN
565992,2,0,IN
565994,,,IN
565995,2,0,IN
565999,2,0,IN
566001,,,IN
566003,2,0,IN
566005,,,IN
566010,,,IN
566012,2,0,IN
566017,2,0,IN
566019,,,IN
566020,,,IN
566021,,,IN
566023,,,IN
566024,2,0,IN
566025,,,IN
566027,2,0,IN
566030,,,IN
566041,2,0,IN
566043,2,0,IN
566045,1,1,IN
566047,1,1,IN
566049,2,0,IN
566050,2,0,IN
566052,,,IN
566055,2,0,IN
566056,2,0,IN
566060,,,IN
566061,2,0,IN
566069,2,0,IN
566070,,,IN
566071,2,0,IN
566076,2,0,IN
566077,2,0,IN
566079,1,1,IN
566080,,,IN
566081,2,0,IN
566084,2,0,IN
566085,2,0,IN
566086,2,0,IN
566087,2,0,IN
566096,,,IN
566097,1,1,IN
566101,2,0,IN
566104,2,0,IN
566105,2,0,IN
566108,1,1,IN
566110,2,0,IN
566111,2,0,IN
566112,2,0,IN
566113,2,0,IN
566115,2,0,IN
566117,,,IN
566118,,,IN
566121,1,1,IN
566122,-9,0,IN
566123,2,0,IN
566124,2,0,IN
566125,2,0,IN
566126,1,1,IN
566127,1,1,IN
566128,,,IN
566130,2,0,IN
566132,2,0,IN
566133,2,0,IN
566136,2,0,IN
566137,2,0,IN
566141,1,1,IN
566142,1,1,IN
566143,2,0,IN
566151,2,0,IN
566152,,,IN
566153,1,1,IN
566158,2,0,IN
566163,,,IN
566175,2,0,IN
566178,2,0,IN
566183,,,IN
566184,2,0,IN
566185,2,0,IN
566186,1,1,IN
566187,1,1,IN
566188,1,1,IN
566192,1,1,IN
566193,1,1,IN
566195,2,0,IN
566198,1,1,IN
566200,2,0,IN
566201,2,0,IN
566205,1,1,IN
566206,1,1,IN
566207,2,0,IN
566208,,,IN
566209,,,IN
566210,2,0,IN
566223,2,0,IN
566225,1,1,IN
566229,2,0,IN
566230,1,1,IN
566231,1,1,IN
566233,2,0,IN
566234,1,1,IN
566235,2,0,IN
566236,1,1,IN
566240,1,1,IN
566242,2,0,IN
566245,2,0,IN
566246,2,0,IN
566248,2,0,IN
566249,1,1,IN
566250,1,1,IN
566251,2,0,IN
566252,2,0,IN
566254,,,IN
566257,2,0,IN
566263,2,0,IN
566268,1,1,IN
566269,1,1,IN
566270,2,0,IN
566271,2,0,IN
566273,2,0,IN
566274,2,0,IN
566275,2,0,IN
566276,2,0,IN
566277,1,1,IN
566280,2,0,IN
566282,2,0,IN
566283,1,1,IN
566284,1,1,IN
566285,1,1,IN
566286,2,0,IN
566287,1,1,IN
566288,2,0,IN
566291,1,1,IN
566292,2,0,IN
566294,1,1,IN
566295,2,0,IN
566296,2,0,IN
566297,2,0,IN
566299,2,0,IN
566302,2,0,IN
566303,2,0,IN
566307,1,1,IN
566309,2,0,IN
566316,2,0,IN
566318,2,0,IN
566319,2,0,IN
566320,1,1,IN
566322,1,1,IN
566323,1,1,IN
566324,2,0,IN
566325,1,1,IN
566326,2,0,IN
566328,1,1,IN
566332,2,0,IN
566335,2,0,IN
566336,2,0,IN
566337,2,0,IN
566338,,,IN
566341,,,IN
566346,2,0,IN
566347,2,0,IN
566354,2,0,IN
566355,,,IN
566356,2,0,IN
566365,,,IN
566368,2,0,IN
566375,2,0,IN
566379,1,1,IN
566380,,,IN
566382,2,0,IN
566384,2,0,IN
566387,1,1,IN
566388,,,IN
566390,1,1,IN
566397,2,0,IN
566400,,,IN
566401,2,0,IN
566404,1,1,IN
566409,2,0,IN
566410,2,0,IN
566416,2,0,IN
566418,2,0,IN
566426,1,1,IN
566428,1,1,IN
566429,2,0,IN
566443,2,0,IN
566445,,,IN
566448,1,1,IN
566449,2,0,IN
566454,2,0,IN
566455,2,0,IN
566456,2,0,IN
566464,2,0,IN
566465,1,1,IN
566466,1,1,IN
566467,2,0,IN
566468,,,IN
566474,,,IN
566479,,,IN
566481,2,0,IN
566482,2,0,IN
566484,,,IN
566490,,,IN
566491,,,IN
566497,1,1,IN
566503,2,0,IN
566505,2,0,IN
566507,2,0,IN
566511,2,0,IN
566512,,,IN
566516,,,IN
566517,2,0,IN
566518,,,IN
566519,,,IN
566520,,,IN
566521,,,IN
566522,,,IN
566523,,,IN
566524,2,0,IN
566526,,,IN
566542,,,IN
566551,,,IN
566553,,,IN
566555,,,IN
566556,,,IN
566557,2,0,IN
566558,2,0,IN
566559,2,0,IN
566562,,,IN
566564,2,0,IN
566565,2,0,IN
566566,,,IN
566569,,,IN
566572,,,IN
566573,,,IN
566579,2,0,IN
566580,2,0,IN
566581,2,0,IN
566590,2,0,IN
566591,,,IN
566593,2,0,IN
566594,,,IN
566595,2,0,IN
566596,,,IN
566597,,,IN
566598,,,IN
566600,2,0,IN
566601,,,IN
566603,-9,0,IN
566606,,,IN
566611,,,IN
566612,,,IN
566615,,,IN
566620,2,0,IN
566621,2,0,IN
566622,,,IN
566623,2,0,IN
566624,,,IN
566625,2,0,IN
566626,,,IN
566627,,,IN
566637,,,IN
566641,2,0,IN
566651,,,IN
566654,,,IN
566656,2,0,IN
566659,,,IN
566660,,,IN
566662,2,0,IN
566663,2,0,IN
566670,,,IN
566671,,,IN
566678,,,IN
566680,,,IN
566681,,,IN
566682,,,IN
566688,2,0,IN
566693,2,0,IN
566694,2,0,IN
566697,2,0,IN
566698,2,0,IN
566700,1,1,IN
566701,2,0,IN
566708,2,0,IN
566709,,,IN
566711,2,0,IN
566714,2,0,IN
566715,2,0,IN
566716,1,1,IN
566718,2,0,IN
566719,,,IN
566720,2,0,IN
566721,1,1,IN
566725,2,0,IN
566727,2,0,IN
566732,2,0,IN
566737,2,0,IN
566742,2,0,IN
566745,2,0,IN
566746,2,0,IN
566747,1,1,IN
566749,2,0,IN
566751,2,0,IN
566755,,,IN
566756,2,0,IN
566758,,,IN
566759,,,IN
566760,2,0,IN
566761,,,IN
566762,2,0,IN
566763,,,IN
566766,2,0,IN
566767,2,0,IN
566770,2,0,IN
566771,2,0,IN
566772,2,0,IN
566777,2,0,IN
566779,2,0,IN
566782,,,IN
566783,2,0,IN
566786,,,IN
566788,1,1,IN
566790,2,0,IN
566791,2,0,IN
566792,2,0,IN
566800,1,1,IN
566808,2,0,IN
566810,,,IN
566811,2,0,IN
566812,,,IN
566816,,,IN
566817,2,0,IN
566820,2,0,IN
566821,2,0,IN
566822,,,IN
566826,,,IN
566827,,,IN
566828,2,0,IN
566833,2,0,IN
566835,,,IN
566843,2,0,IN
566844,,,IN
566850,,,IN
566852,,,IN
566853,2,0,IN
566854,,,IN
566855,2,0,IN
566858,2,0,IN
566860,,,IN
566861,2,0,IN
566863,2,0,IN
566864,2,0,IN
566865,,,IN
566867,,,IN
566872,,,IN
566873,1,1,IN
566874,2,0,IN
566875,2,0,IN
566876,2,0,IN
566887,,,IN
566888,2,0,IN
566889,2,0,IN
566892,2,0,IN
566896,,,IN
566902,,,IN
566905,,,IN
566907,2,0,IN
566914,,,IN
566917,,,IN
566919,2,0,IN
566921,1,1,IN
566923,,,IN
566930,1,1,IN
566931,,,IN
566933,2,0,IN
566940,2,0,IN
566942,2,0,IN
566943,2,0,IN
566952,2,0,IN
566953,1,1,IN
566954,,,IN
566956,2,0,IN
566957,2,0,IN
566962,2,0,IN
566965,2,0,IN
566967,2,0,IN
566968,2,0,IN
566969,1,1,IN
566981,2,0,IN
566982,1,1,IN
566984,2,0,IN
566986,2,0,IN
566987,2,0,IN
566988,2,0,IN
566990,2,0,IN
566991,2,0,IN
566992,2,0,IN
566993,2,0,IN
566994,2,0,IN
566995,2,0,IN
566996,1,1,IN
567001,1,1,IN
567002,2,0,IN
567004,1,1,IN
567005,2,0,IN
567009,2,0,IN
567010,1,1,IN
567014,2,0,IN
567018,2,0,IN
567019,2,0,IN
567024,1,1,IN
567025,,,IN
567026,2,0,IN
567029,2,0,IN
567032,2,0,IN
567035,1,1,IN
567037,2,0,IN
567044,1,1,IN
567045,-9,0,IN
567047,2,0,IN
567048,1,1,IN
567053,2,0,IN
567054,,,IN
567058,,,IN
567059,,,IN
567060,2,0,IN
567061,2,0,IN
567062,2,0,IN
567063,2,0,IN
567064,2,0,IN
567066,2,0,IN
567068,2,0,IN
567069,2,0,IN
567070,2,0,IN
567072,2,0,IN
567073,2,0,IN
567075,,,IN
567077,,,IN
567085,,,IN
567088,2,0,IN
567089,1,1,IN
567091,2,0,IN
567093,1,1,IN
567097,2,0,IN
567101,2,0,IN
567105,1,1,IN
567108,2,0,IN
567110,2,0,IN
567115,2,0,IN
567116,,,IN
567117,,,IN
567125,2,0,IN
567128,1,1,IN
567129,1,1,IN
567136,,,IN
567138,2,0,IN
567140,1,1,IN
567149,1,1,IN
567157,2,0,IN
567160,,,IN
567162,1,1,IN
567164,2,0,IN
567165,,,IN
567168,1,1,IN
567169,,,IN
567170,2,0,IN
567173,2,0,IN
567175,2,0,IN
567177,2,0,IN
567178,1,1,IN
567182,,,IN
567184,,,IN
567186,,,IN
567191,2,0,IN
567192,2,0,IN
567194,2,0,IN
567200,2,0,IN
567203,,,IN
567212,1,1,IN
567216,,,IN
567217,2,0,IN
567218,1,1,IN
567219,,,IN
567221,2,0,IN
567222,2,0,IN
567223,,,IN
567225,,,IN
567229,2,0,IN
567235,2,0,IN
567236,2,0,IN
567240,1,1,IN
567242,1,1,IN
567247,1,1,IN
567249,1,1,IN
567250,2,0,IN
567255,2,0,IN
567256,2,0,IN
567261,2,0,IN
567277,,,IN
567278,2,0,IN
567279,,,IN
567281,2,0,IN
567283,,,IN
567285,2,0,IN
567286,2,0,IN
567287,,,IN
567291,2,0,IN
567292,,,IN
567293,,,IN
567294,2,0,IN
567298,,,IN
567303,2,0,IN
567309,2,0,IN
567312,,,IN
567313,,,IN
567314,2,0,IN
567318,2,0,IN
567320,,,IN
567322,2,0,IN
567325,,,IN
567328,,,IN
567329,,,IN
567331,,,IN
567333,,,IN
567336,,,IN
567338,,,IN
567339,,,IN
567340,,,IN
567341,,,IN
567342,,,IN
567343,,,IN
567345,2,0,IN
567346,2,0,IN
567347,,,IN
567348,,,IN
567350,,,IN
567354,2,0,IN
567356,2,0,IN
567358,,,IN
567359,,,IN
567360,,,IN
567362,2,0,IN
567363,,,IN
567365,,,IN
567367,,,IN
567368,2,0,IN
567369,,,IN
567370,2,0,IN
567371,,,IN
567372,,,IN
567373,2,0,IN
567376,,,IN
567378,,,IN
567379,,,IN
567383,,,IN
567388,,,IN
567389,,,IN
567391,2,0,IN
567393,,,IN
567397,,,IN
567399,2,0,IN
567400,,,IN
567403,,,IN
567405,,,IN
567406,2,0,IN
567408,,,IN
567409,1,1,IN
567410,2,0,IN
567417,,,IN
567418,,,IN
567419,,,IN
567420,,,IN
567421,2,0,IN
567423,,,IN
567426,,,IN
567429,1,1,IN
567431,,,IN
567433,,,IN
567434,,,IN
567436,,,IN
567438,,,IN
567439,1,1,IN
567441,,,IN
567443,,,IN
567444,,,IN
567446,2,0,IN
567448,,,IN
567461,,,IN
567463,2,0,IN
567464,2,0,IN
567470,,,IN
567474,2,0,IN
567486,1,1,IN
567488,,,IN
567504,,,IN
567506,,,IN
567509,,,IN
567518,,,IN
567524,,,IN
567530,2,0,IN
567534,,,IN
567535,,,IN
567537,2,0,IN
567545,,,IN
567546,,,IN
567548,,,IN
567555,,,IN
567557,2,0,IN
567560,2,0,IN
567566,2,0,IN
567567,2,0,IN
567568,,,IN
567569,2,0,IN
567571,,,IN
567572,2,0,IN
567573,,,IN
567579,2,0,IN
567580,,,IN
567581,2,0,IN
567592,,,IN
567593,2,0,IN
567594,2,0,IN
567595,,,IN
567600,2,0,IN
567602,2,0,IN
567603,2,0,IN
567608,2,0,IN
567615,2,0,IN
567617,,,IN
567618,,,IN
567621,,,IN
567623,2,0,IN
567625,,,IN
567626,,,IN
567627,2,0,IN
567629,2,0,IN
567630,2,0,IN
567638,1,1,IN
567642,2,0,IN
567643,2,0,IN
567647,-9,0,IN
567649,2,0,IN
567652,2,0,IN
567659,1,1,IN
567660,2,0,IN
567661,2,0,IN
567665,,,IN
567666,2,0,IN
567671,1,1,IN
567673,1,1,IN
567674,2,0,IN
567678,1,1,IN
567680,2,0,IN
567681,,,IN
567684,2,0,IN
567685,2,0,IN
567693,2,0,IN
567698,2,0,IN
567701,2,0,IN
567703,2,0,IN
567704,2,0,IN
567705,1,1,IN
567708,,,IN
567713,1,1,IN
567714,2,0,IN
567718,2,0,IN
567721,,,IN
567727,2,0,IN
567728,2,0,IN
567729,2,0,IN
567730,,,IN
567735,1,1,IN
567740,1,1,IN
567741,2,0,IN
567742,2,0,IN
567743,2,0,IN
567745,2,0,IN
567746,2,0,IN
567748,2,0,IN
567754,2,0,IN
567756,,,IN
567758,2,0,IN
567762,2,0,IN
567763,1,1,IN
567766,2,0,IN
567767,1,1,IN
567770,2,0,IN
567771,2,0,IN
567772,2,0,IN
567776,2,0,IN
567777,2,0,IN
567781,2,0,IN
567782,,,IN
567783,2,0,IN
567785,1,1,IN
567786,,,IN
567789,2,0,IN
567791,,,IN
567795,2,0,IN
567799,2,0,IN
567805,,,IN
567806,2,0,IN
567809,,,IN
567811,1,1,IN
567816,2,0,IN
567820,,,IN
567821,2,0,IN
567827,,,IN
567834,2,0,IN
567836,1,1,IN
567838,2,0,IN
567843,,,IN
567848,,,IN
567849,2,0,IN
567853,2,0,IN
567856,2,0,IN
567858,2,0,IN
567864,,,IN
567867,,,IN
567871,2,0,IN
567874,2,0,IN
567879,1,1,IN
567880,2,0,IN
567881,2,0,IN
567883,2,0,IN
567884,1,1,IN
567885,1,1,IN
567888,1,1,IN
567889,,,IN
567893,,,IN
567897,,,IN
567898,,,IN
567899,,,IN
567900,,,IN
567901,,,IN
567902,,,IN
567903,,,IN
567904,2,0,IN
567905,,,IN
567906,,,IN
567907,,,IN
567908,,,IN
567909,,,IN
567916,2,0,IN
567918,,,IN
567919,1,1,IN
567923,2,0,IN
567925,2,0,IN
567926,1,1,IN
567928,,,IN
567933,2,0,IN
567934,,,IN
567939,2,0,IN
567940,2,0,IN
567941,,,IN
567946,,,IN
567951,2,0,IN
567956,2,0,IN
567958,2,0,IN
567959,2,0,IN
567960,2,0,IN
567964,2,0,IN
567965,2,0,IN
567968,,,IN
567974,2,0,IN
567978,2,0,IN
567979,2,0,IN
567994,,,IN
567995,2,0,IN
567997,,,IN
568000,2,0,IN
568002,2,0,IN
568003,1,1,IN
568004,2,0,IN
568008,2,0,IN
568009,2,0,IN
568011,,,IN
568015,2,0,IN
568018,1,1,IN
568020,2,0,IN
568024,2,0,IN
568025,2,0,IN
568026,-9,0,IN
568028,1,1,IN
568031,1,1,IN
568034,1,1,IN
568037,2,0,IN
568039,1,1,IN
568040,1,1,IN
568046,2,0,IN
568047,2,0,IN
568052,1,1,IN
568053,2,0,IN
568054,1,1,IN
568059,1,1,IN
568060,1,1,IN
568061,2,0,IN
568064,1,1,IN
568066,2,0,IN
568071,,,IN
568072,2,0,IN
568074,,,IN
568075,1,1,IN
568076,,,IN
568078,2,0,IN
568081,1,1,IN
568089,,,IN
568090,2,0,IN
568091,,,IN
568093,2,0,IN
568096,2,0,IN
568099,2,0,IN
568104,1,1,IN
568106,1,1,IN
568109,2,0,IN
568110,1,1,IN
568114,2,0,IN
568117,1,1,IN
568118,1,1,IN
568120,1,1,IN
568122,1,1,IN
568124,,,IN
568128,1,1,IN
568129,,,IN
568133,2,0,IN
568142,,,IN
568143,1,1,IN
568153,,,IN
568158,,,IN
568159,1,1,IN
568161,1,1,IN
568165,2,0,IN
568166,2,0,IN
568168,1,1,IN
568173,1,1,IN
568175,,,IN
568183,1,1,IN
568184,2,0,IN
568190,2,0,IN
568191,1,1,IN
568195,,,IN
568200,2,0,IN
568202,1,1,IN
568207,2,0,IN
568210,1,1,IN
568211,2,0,IN
568213,1,1,IN
568216,1,1,IN
568218,1,1,IN
568219,1,1,IN
568223,2,0,IN
568225,2,0,IN
568226,1,1,IN
568228,2,0,IN
568229,2,0,IN
568231,2,0,IN
568234,2,0,IN
568235,1,1,IN
568237,2,0,IN
568238,1,1,IN
568245,2,0,IN
568251,1,1,IN
568253,1,1,IN
568256,2,0,IN
568268,1,1,IN
568273,2,0,IN
568276,,,IN
568280,2,0,IN
568286,,,IN
568288,,,IN
568289,2,0,IN
568293,,,IN
568296,,,IN
568303,2,0,IN
568305,2,0,IN
568306,1,1,IN
568307,1,1,IN
568309,2,0,IN
568310,2,0,IN
568311,2,0,IN
568312,2,0,IN
568313,,,IN
568314,1,1,IN
568317,1,1,IN
568320,2,0,IN
568324,1,1,IN
568325,2,0,IN
568328,2,0,IN
568332,2,0,IN
568336,2,0,IN
568345,1,1,IN
568351,2,0,IN
568353,2,0,IN
568355,1,1,IN
568357,2,0,IN
568358,2,0,IN
568359,1,1,IN
568360,1,1,IN
568361,2,0,IN
568363,,,IN
568366,2,0,IN
568367,2,0,IN
568369,1,1,IN
568371,,,IN
568373,2,0,IN
568374,2,0,IN
568376,,,IN
568378,2,0,IN
568380,2,0,IN
568382,,,IN
568384,1,1,IN
568390,1,1,IN
568392,1,1,IN
568396,2,0,IN
568401,2,0,IN
568402,1,1,IN
568407,2,0,IN
568409,1,1,IN
568410,2,0,IN
568411,2,0,IN
568419,2,0,IN
568420,2,0,IN
568422,2,0,IN
568424,2,0,IN
568426,2,0,IN
568432,1,1,IN
568433,1,1,IN
568439,2,0,IN
568441,1,1,IN
568443,2,0,IN
568444,1,1,IN
568446,1,1,IN
568448,2,0,IN
568451,1,1,IN
568453,1,1,IN
568454,2,0,IN
568456,1,1,IN
568457,2,0,IN
568458,1,1,IN
568459,2,0,IN
568460,1,1,IN
568461,2,0,IN
568462,2,0,IN
568463,2,0,IN
568465,2,0,IN
568466,1,1,IN
568467,1,1,IN
568468,1,1,IN
568470,1,1,IN
568473,2,0,IN
568474,2,0,IN
568479,2,0,IN
568482,2,0,IN
568486,2,0,IN
568487,2,0,IN
568499,2,0,IN
568502,,,IN
568505,1,1,IN
568511,,,IN
568512,,,IN
568515,,,IN
568518,2,0,IN
568526,2,0,IN
568555,2,0,IN
568560,2,0,IN
568561,2,0,IN
568564,2,0,IN
568568,2,0,IN
568571,2,0,IN
568573,,,IN
568574,2,0,IN
568577,2,0,IN
568578,2,0,IN
568581,,,IN
568585,2,0,IN
568588,2,0,IN
568592,1,1,IN
568595,1,1,IN
568600,,,IN
568601,,,IN
568603,1,1,IN
568606,,,IN
568608,,,IN
568609,1,1,IN
568610,2,0,IN
568611,2,0,IN
568612,1,1,IN
568613,,,IN
568616,1,1,IN
568617,,,IN
568618,2,0,IN
568619,2,0,IN
568621,1,1,IN
568623,1,1,IN
568626,,,IN
568627,,,IN
568628,,,IN
568629,,,IN
568630,1,1,IN
568631,2,0,IN
568632,-9,0,IN
568634,2,0,IN
568637,,,IN
568640,2,0,IN
568643,2,0,IN
568651,,,IN
568652,1,1,IN
568653,,,IN
568657,2,0,IN
568658,2,0,IN
568664,2,0,IN
568665,2,0,IN
568667,,,IN
568670,2,0,IN
568671,,,IN
568676,2,0,IN
568677,,,IN
568679,2,0,IN
568681,2,0,IN
568688,2,0,IN
568689,,,IN
568690,2,0,IN
568691,,,IN
568693,1,1,IN
568695,2,0,IN
568698,2,0,IN
568706,,,IN
568713,1,1,IN
568714,,,IN
568715,,,IN
568717,2,0,IN
568720,2,0,IN
568734,2,0,IN
568735,2,0,IN
568738,2,0,IN
568742,,,IN
568747,2,0,IN
568748,,,IN
568749,,,IN
568754,1,1,IN
568758,,,IN
568763,,,IN
568766,,,IN
568768,2,0,IN
568770,,,IN
568771,2,0,IN
568772,2,0,IN
568773,2,0,IN
568774,1,1,IN
568775,2,0,IN
568777,,,IN
568778,2,0,IN
568781,2,0,IN
568782,2,0,IN
568785,2,0,IN
568787,2,0,IN
568788,1,1,IN
568789,2,0,IN
568794,2,0,IN
568799,2,0,IN
568800,2,0,IN
568804,2,0,IN
568805,,,IN
568806,1,1,IN
568809,1,1,IN
568811,1,1,IN
568813,1,1,IN
568815,1,1,IN
568823,2,0,IN
568826,1,1,IN
568828,2,0,IN
568829,1,1,IN
568830,2,0,IN
568833,2,0,IN
568834,2,0,IN
568836,2,0,IN
568837,2,0,IN
568841,2,0,IN
568842,2,0,IN
568843,2,0,IN
568845,2,0,IN
568850,2,0,IN
568851,2,0,IN
568852,2,0,IN
568853,2,0,IN
568856,2,0,IN
568857,2,0,IN
568862,2,0,IN
568866,2,0,IN
568867,2,0,IN
568873,2,0,IN
568877,2,0,IN
568878,2,0,IN
568879,2,0,IN
568885,2,0,IN
568889,2,0,IN
568890,2,0,IN
568892,1,1,IN
568893,2,0,IN
568897,2,0,IN
568899,2,0,IN
568900,2,0,IN
568902,2,0,IN
568903,2,0,IN
568904,2,0,IN
568905,2,0,IN
568906,2,0,IN
568910,2,0,IN
568931,1,1,IN
568933,2,0,IN
568937,1,1,IN
568938,2,0,IN
568942,2,0,IN
568954,2,0,IN
568957,1,1,IN
568958,1,1,IN
568961,2,0,IN
568963,,,IN
568966,2,0,IN
568969,1,1,IN
568970,,,IN
568976,2,0,IN
568977,,,IN
568979,2,0,IN
568980,1,1,IN
568983,2,0,IN
568987,1,1,IN
568988,2,0,IN
568989,2,0,IN
568992,1,1,IN
568993,2,0,IN
568994,1,1,IN
568995,2,0,IN
568996,2,0,IN
568998,2,0,IN
569002,2,0,IN
569007,2,0,IN
569009,2,0,IN
569014,2,0,IN
569015,2,0,IN
569018,2,0,IN
569020,2,0,IN
569030,2,0,IN
569031,,,IN
569032,2,0,IN
569033,2,0,IN
569036,,,IN
569038,,,IN
569041,2,0,IN
569042,,,IN
569044,2,0,IN
569047,2,0,IN
569048,,,IN
569049,1,1,IN
569050,2,0,IN
569052,2,0,IN
569056,2,0,IN
569058,2,0,IN
569061,2,0,IN
569068,2,0,IN
569071,2,0,IN
569074,2,0,IN
569076,2,0,IN
569077,1,1,IN
569080,,,IN
569085,,,IN
569090,1,1,IN
569093,2,0,IN
569095,2,0,IN
569096,1,1,IN
569097,,,IN
569102,2,0,IN
569105,2,0,IN
569107,2,0,IN
569114,2,0,IN
569116,,,IN
569120,1,1,IN
569123,1,1,IN
569124,2,0,IN
569127,1,1,IN
569130,2,0,IN
569144,2,0,IN
569145,2,0,IN
569148,2,0,IN
569150,2,0,IN
569152,2,0,IN
569155,1,1,IN
569157,2,0,IN
569158,2,0,IN
569159,2,0,IN
569160,2,0,IN
569161,2,0,IN
569162,2,0,IN
569163,2,0,IN
569167,2,0,IN
569169,2,0,IN
569170,2,0,IN
569172,1,1,IN
569178,2,0,IN
569180,2,0,IN
569182,2,0,IN
569187,1,1,IN
569188,2,0,IN
569190,2,0,IN
569192,2,0,IN
569193,1,1,IN
569196,1,1,IN
569200,2,0,IN
569201,2,0,IN
569202,-9,0,IN
569203,2,0,IN
569205,,,IN
569206,2,0,IN
569209,2,0,IN
569213,2,0,IN
569216,2,0,IN
569218,2,0,IN
569223,2,0,IN
569225,2,0,IN
569227,2,0,IN
569229,2,0,IN
569238,2,0,IN
569241,2,0,IN
569242,2,0,IN
569246,2,0,IN
569260,,,IN
569261,2,0,IN
569262,2,0,IN
569269,2,0,IN
569270,2,0,IN
569271,2,0,IN
569274,2,0,IN
569275,2,0,IN
569278,,,IN
569285,,,IN
569287,2,0,IN
569289,,,IN
569298,2,0,IN
569300,1,1,IN
569301,,,IN
569303,2,0,IN
569311,2,0,IN
569317,2,0,IN
569319,2,0,IN
569320,,,IN
569323,2,0,IN
569324,,,IN
569328,,,IN
569331,,,IN
569332,2,0,IN
569335,2,0,IN
569337,2,0,IN
569338,,,IN
569340,2,0,IN
569344,2,0,IN
569350,,,IN
569351,,,IN
569353,2,0,IN
569359,2,0,IN
569361,2,0,IN
569363,,,IN
569369,,,IN
569375,2,0,IN
569377,2,0,IN
569379,2,0,IN
569381,,,IN
569384,2,0,IN
569386,2,0,IN
569388,,,IN
569391,2,0,IN
569392,,,IN
569395,2,0,IN
569397,2,0,IN
569399,,,IN
569400,1,1,IN
569402,2,0,IN
569403,1,1,IN
569407,2,0,IN
569408,1,1,IN
569409,,,IN
569410,2,0,IN
569413,1,1,IN
569414,1,1,IN
569415,2,0,IN
569416,2,0,IN
569418,2,0,IN
569421,,,IN
569422,2,0,IN
569428,2,0,IN
569432,,,IN
569434,2,0,IN
569437,,,IN
569439,,,IN
569440,2,0,IN
569442,2,0,IN
569443,,,IN
569446,2,0,IN
569447,,,IN
569448,2,0,IN
569450,2,0,IN
569451,2,0,IN
569452,2,0,IN
569459,1,1,IN
569461,1,1,IN
569464,2,0,IN
569465,2,0,IN
569468,,,IN
569473,2,0,IN
569474,2,0,IN
569475,,,IN
569479,,,IN
569480,2,0,IN
569481,2,0,IN
569483,2,0,IN
569485,2,0,IN
569488,2,0,IN
569489,,,IN
569493,2,0,IN
569496,2,0,IN
569500,,,IN
569501,2,0,IN
569504,,,IN
569509,2,0,IN
569511,2,0,IN
569512,2,0,IN
569515,2,0,IN
569520,2,0,IN
569523,1,1,IN
569524,2,0,IN
569526,2,0,IN
569532,,,IN
569534,2,0,IN
569535,2,0,IN
569536,,,IN
569538,2,0,IN
569543,,,IN
569544,2,0,IN
569546,2,0,IN
569548,1,1,IN
569563,2,0,IN
569565,2,0,IN
569566,2,0,IN
569567,,,IN
569570,2,0,IN
569571,1,1,IN
569579,2,0,IN
569580,1,1,IN
569581,1,1,IN
569587,1,1,IN
569589,1,1,IN
569591,2,0,IN
569592,1,1,IN
569594,2,0,IN
569596,2,0,IN
569597,2,0,IN
569599,1,1,IN
569600,1,1,IN
569601,1,1,IN
569604,1,1,IN
569605,2,0,IN
569607,1,1,IN
569609,1,1,IN
569612,2,0,IN
569613,1,1,IN
569614,1,1,IN
569615,2,0,IN
569616,2,0,IN
569617,2,0,IN
569618,2,0,IN
569619,2,0,IN
569620,2,0,IN
569621,2,0,IN
569622,2,0,IN
569625,2,0,IN
569632,2,0,IN
569636,2,0,IN
569637,,,IN
569638,2,0,IN
569642,2,0,IN
569648,2,0,IN
569671,2,0,IN
569684,2,0,IN
569687,2,0,IN
569692,2,0,IN
569693,2,0,IN
569694,,,IN
569700,2,0,IN
569704,2,0,IN
569708,2,0,IN
569711,2,0,IN
569713,2,0,IN
569714,2,0,IN
569715,2,0,IN
569716,2,0,IN
569718,2,0,IN
569720,2,0,IN
569721,2,0,IN
569722,2,0,IN
569723,-9,0,IN
569726,2,0,IN
569728,2,0,IN
569730,2,0,IN
569732,2,0,IN
569734,2,0,IN
569735,2,0,IN
569738,2,0,IN
569740,2,0,IN
569742,2,0,IN
569743,2,0,IN
569744,2,0,IN
569750,2,0,IN
569770,2,0,IN
569775,2,0,IN
569777,2,0,IN
569778,2,0,IN
569781,2,0,IN
569782,2,0,IN
569783,2,0,IN
569786,,,IN
569788,2,0,IN
569789,2,0,IN
569790,1,1,IN
569792,2,0,IN
569793,,,IN
569794,2,0,IN
569796,2,0,IN
569797,2,0,IN
569801,1,1,IN
569802,2,0,IN
569803,2,0,IN
569805,1,1,IN
569806,,,IN
569807,2,0,IN
569809,1,1,IN
569811,2,0,IN
569812,2,0,IN
569814,2,0,IN
569815,1,1,IN
569819,,,IN
569820,2,0,IN
569822,2,0,IN
569823,,,IN
569824,1,1,IN
569825,,,IN
569831,2,0,IN
569832,2,0,IN
569834,1,1,IN
569835,2,0,IN
569836,2,0,IN
569838,1,1,IN
569840,2,0,IN
569841,2,0,IN
569848,2,0,IN
569850,2,0,IN
569856,2,0,IN
569857,1,1,IN
569863,2,0,IN
569865,2,0,IN
569869,2,0,IN
569871,2,0,IN
569872,2,0,IN
569873,2,0,IN
569876,2,0,IN
569878,2,0,IN
569884,2,0,IN
569885,1,1,IN
569886,1,1,IN
569888,,,IN
569889,2,0,IN
569890,1,1,IN
569891,2,0,IN
569894,2,0,IN
569895,2,0,IN
569896,2,0,IN
569898,1,1,IN
569903,2,0,IN
569906,2,0,IN
569910,1,1,IN
569913,2,0,IN
569915,2,0,IN
569917,2,0,IN
569919,2,0,IN
569922,2,0,IN
569927,1,1,IN
569928,2,0,IN
569932,1,1,IN
569933,,,IN
569934,1,1,IN
569937,1,1,IN
569938,1,1,IN
569939,1,1,IN
569941,1,1,IN
569942,2,0,IN
569943,1,1,IN
569952,2,0,IN
569953,1,1,IN
569954,1,1,IN
569958,1,1,IN
569959,1,1,IN
569961,1,1,IN
569965,2,0,IN
569967,2,0,IN
569969,1,1,IN
569972,1,1,IN
569977,2,0,IN
569979,,,IN
569993,,,IN
569999,,,IN
570000,,,IN
570005,,,IN
570011,1,1,IN
570015,1,1,IN
570019,2,0,IN
570020,,,IN
570043,1,1,IN
570045,1,1,IN
570046,1,1,IN
570049,,,IN
570050,1,1,IN
570051,1,1,IN
570052,1,1,IN
570058,1,1,IN
570060,1,1,IN
570067,,,IN
570068,1,1,IN
570070,1,1,IN
570071,,,IN
570073,,,IN
570076,1,1,IN
570077,,,IN
570079,1,1,IN
570081,,,IN
570082,,,IN
570083,2,0,IN
570084,1,1,IN
570085,1,1,IN
570087,1,1,IN
570089,,,IN
570092,1,1,IN
570093,,,IN
570094,,,IN
570096,,,IN
570097,1,1,IN
570100,1,1,IN
570101,1,1,IN
570104,1,1,IN
570105,1,1,IN
570106,,,IN
570109,,,IN
570110,1,1,IN
570113,,,IN
570114,,,IN
570116,,,IN
570117,1,1,IN
570126,2,0,IN
570129,1,1,IN
570131,1,1,IN
570132,,,IN
570133,,,IN
570134,,,IN
570136,1,1,IN
570144,,,IN
570145,2,0,IN
570146,2,0,IN
570150,1,1,IN
570156,2,0,IN
570159,,,IN
570160,,,IN
570161,2,0,IN
570162,,,IN
570165,,,IN
570166,,,IN
570167,,,IN
570168,,,IN
570172,,,IN
570173,,,IN
570174,,,IN
570175,,,IN
570177,,,IN
570179,2,0,IN
570181,,,IN
570183,2,0,IN
570195,,,IN
570196,,,IN
570199,2,0,IN
570200,1,1,IN
570202,,,IN
570205,2,0,IN
570211,1,1,IN
570216,1,1,IN
570217,,,IN
570222,2,0,IN
570223,2,0,IN
570224,1,1,IN
570225,2,0,IN
570227,2,0,IN
570228,,,IN
570230,1,1,IN
570231,,,IN
570237,,,IN
570239,1,1,IN
570242,1,1,IN
570245,1,1,IN
570246,,,IN
570249,2,0,IN
570250,2,0,IN
570251,,,IN
570252,,,IN
570258,1,1,IN
570260,1,1,IN
570263,,,IN
570267,1,1,IN
570268,2,0,IN
570269,,,IN
570271,,,IN
570272,,,IN
570273,,,IN
570275,2,0,IN
570279,1,1,IN
570280,,,IN
570281,1,1,IN
570283,2,0,IN
570284,,,IN
570285,,,IN
570290,2,0,IN
570291,2,0,IN
570292,,,IN
570296,2,0,IN
570301,,,IN
570302,2,0,IN
570305,1,1,IN
570308,,,IN
570309,2,0,IN
570314,,,IN
570317,2,0,IN
570318,2,0,IN
570319,1,1,IN
570326,1,1,IN
570331,2,0,IN
570334,1,1,IN
570336,1,1,IN
570341,1,1,IN
570343,1,1,IN
570345,1,1,IN
570346,1,1,IN
570347,1,1,IN
570348,1,1,IN
570349,1,1,IN
570350,1,1,IN
570358,1,1,IN
570359,2,0,IN
570360,2,0,IN
570361,2,0,IN
570362,2,0,IN
570363,2,0,IN
570366,2,0,IN
570367,1,1,IN
570372,2,0,IN
570375,2,0,IN
570376,1,1,IN
570379,2,0,IN
570381,2,0,IN
570382,2,0,IN
570386,,,IN
570388,2,0,IN
570390,1,1,IN
570391,2,0,IN
570404,2,0,IN
570408,1,1,IN
570410,2,0,IN
570411,2,0,IN
570420,,,IN
570421,1,1,IN
570423,2,0,IN
570426,2,0,IN
570428,1,1,IN
570433,1,1,IN
570436,2,0,IN
570439,2,0,IN
570443,1,1,IN
570449,,,IN
570450,2,0,IN
570462,2,0,IN
570465,2,0,IN
570467,1,1,IN
570468,,,IN
570470,2,0,IN
570472,,,IN
570475,1,1,IN
570476,,,IN
570477,2,0,IN
570478,1,1,IN
570479,1,1,IN
570481,1,1,IN
570482,2,0,IN
570483,2,0,IN
570486,2,0,IN
570488,2,0,IN
570489,2,0,IN
570490,1,1,IN
570495,2,0,IN
570504,1,1,IN
570505,1,1,IN
570506,1,1,IN
570508,2,0,IN
570512,2,0,IN
570516,1,1,IN
570519,2,0,IN
570521,2,0,IN
570522,1,1,IN
570523,2,0,IN
570524,2,0,IN
570527,1,1,IN
570528,2,0,IN
570534,1,1,IN
570536,1,1,IN
570541,,,IN
570545,2,0,IN
570549,1,1,IN
570554,,,IN
570556,2,0,IN
570560,1,1,IN
570565,1,1,IN
570566,1,1,IN
570567,2,0,IN
570570,,,IN
570574,1,1,IN
570575,2,0,IN
570576,1,1,IN
570578,1,1,IN
570579,2,0,IN
570581,1,1,IN
570583,2,0,IN
570586,1,1,IN
570588,2,0,IN
570590,1,1,IN
570591,,,IN
570601,2,0,IN
570606,1,1,IN
570608,,,IN
570610,,,IN
570612,1,1,IN
570616,2,0,IN
570617,1,1,IN
570618,,,IN
570625,1,1,IN
570629,,,IN
570630,1,1,IN
570634,2,0,IN
570635,2,0,IN
570639,1,1,IN
570640,1,1,IN
570644,2,0,IN
570646,2,0,IN
570651,2,0,IN
570654,1,1,IN
570656,,,IN
570659,2,0,IN
570660,2,0,IN
570664,2,0,IN
570665,1,1,IN
570668,2,0,IN
570670,1,1,IN
570671,2,0,IN
570673,2,0,IN
570674,2,0,IN
570675,1,1,IN
570678,1,1,IN
570680,,,IN
570685,1,1,IN
570686,1,1,IN
570688,2,0,IN
570689,1,1,IN
570691,2,0,IN
570692,,,IN
570693,2,0,IN
570695,2,0,IN
570696,2,0,IN
570699,1,1,IN
570700,2,0,IN
570701,2,0,IN
570702,2,0,IN
570705,2,0,IN
570708,1,1,IN
570710,2,0,IN
570715,2,0,IN
570716,2,0,IN
570717,1,1,IN
570718,2,0,IN
570720,2,0,IN
570721,1,1,IN
570728,1,1,IN
570731,,,IN
570733,,,IN
570735,2,0,IN
570738,2,0,IN
570739,2,0,IN
570740,2,0,IN
570745,,,IN
570747,,,IN
570748,,,IN
570754,2,0,IN
570758,2,0,IN
570759,1,1,IN
570762,1,1,IN
570767,2,0,IN
570770,2,0,IN
570771,2,0,IN
570774,2,0,IN
570776,,,IN
570783,2,0,IN
570784,,,IN
570786,2,0,IN
570789,1,1,IN
570791,2,0,IN
570796,2,0,IN
570806,2,0,IN
570808,2,0,IN
570813,2,0,IN
570815,1,1,IN
570816,1,1,IN
570818,2,0,IN
570825,1,1,IN
570829,2,0,IN
570830,1,1,IN
570831,1,1,IN
570836,2,0,IN
570852,2,0,IN
570853,2,0,IN
570856,2,0,IN
570857,2,0,IN
570858,2,0,IN
570859,1,1,IN
570860,1,1,IN
570861,2,0,IN
570867,,,IN
570868,2,0,IN
570869,2,0,IN
570871,2,0,IN
570872,,,IN
570873,2,0,IN
570874,1,1,IN
570875,1,1,IN
570877,2,0,IN
570878,1,1,IN
570879,2,0,IN
570884,2,0,IN
570885,,,IN
570887,1,1,IN
570888,,,IN
570892,,,IN
570893,,,IN
570894,2,0,IN
570901,2,0,IN
570903,2,0,IN
570921,2,0,IN
570928,2,0,IN
570934,,,IN
570936,2,0,IN
570939,2,0,IN
570942,2,0,IN
570947,2,0,IN
570953,1,1,IN
570954,2,0,IN
570956,2,0,IN
570957,1,1,IN
570958,,,IN
570959,,,IN
570961,2,0,IN
570962,2,0,IN
570963,2,0,IN
570964,,,IN
570965,,,IN
570966,2,0,IN
570967,2,0,IN
570968,,,IN
570970,1,1,IN
570972,,,IN
570975,,,IN
570976,2,0,IN
570977,,,IN
570978,2,0,IN
570979,2,0,IN
570997,2,0,IN
571002,,,IN
571005,2,0,IN
571006,2,0,IN
571007,2,0,IN
571008,2,0,IN
571009,,,IN
571010,,,IN
571011,2,0,IN
571013,2,0,IN
571017,,,IN
571018,,,IN
571019,,,IN
571020,,,IN
571021,,,IN
571022,,,IN
571024,2,0,IN
571025,,,IN
571026,,,IN
571028,,,IN
571029,2,0,IN
571030,,,IN
571031,,,IN
571033,2,0,IN
571034,,,IN
571036,2,0,IN
571037,2,0,IN
571038,2,0,IN
571039,1,1,IN
571042,,,IN
571043,2,0,IN
571044,2,0,IN
571045,,,IN
571046,,,IN
571047,,,IN
571048,,,IN
571050,,,IN
571051,2,0,IN
571054,,,IN
571079,,,IN
571081,,,IN
571087,,,IN
571088,2,0,IN
571090,2,0,IN
571092,1,1,IN
571093,1,1,IN
571094,2,0,IN
571095,2,0,IN
571096,2,0,IN
571099,2,0,IN
571107,2,0,IN
571110,,,IN
571111,,,IN
571112,,,IN
571113,2,0,IN
571114,,,IN
571115,1,1,IN
571116,,,IN
571117,2,0,IN
571118,,,IN
571120,2,0,IN
571121,1,1,IN
571129,2,0,IN
571131,2,0,IN
571135,,,IN
571137,2,0,IN
571138,2,0,IN
571139,,,IN
571150,,,IN
571152,,,IN
571153,2,0,IN
571155,,,IN
571157,1,1,IN
571158,2,0,IN
571161,2,0,IN
571163,2,0,IN
571164,2,0,IN
571165,2,0,IN
571166,2,0,IN
571171,2,0,IN
571173,2,0,IN
571176,2,0,IN
571179,2,0,IN
571194,2,0,IN
571195,2,0,IN
571201,2,0,IN
571204,1,1,IN
571212,2,0,IN
571213,2,0,IN
571214,1,1,IN
571215,1,1,IN
571217,1,1,IN
571218,1,1,IN
571222,2,0,IN
571229,1,1,IN
571230,1,1,IN
571233,1,1,IN
571235,1,1,IN
571239,2,0,IN
571240,2,0,IN
571241,1,1,IN
571246,1,1,IN
571253,2,0,IN
571255,1,1,IN
571259,2,0,IN
571260,2,0,IN
571261,,,IN
571262,2,0,IN
571263,1,1,IN
571264,2,0,IN
571265,1,1,IN
571266,2,0,IN
571267,2,0,IN
571268,1,1,IN
571269,2,0,IN
571270,1,1,IN
571273,2,0,IN
571275,2,0,IN
571276,1,1,IN
571278,1,1,IN
571280,2,0,IN
571281,2,0,IN
571282,1,1,IN
571285,2,0,IN
571286,2,0,IN
571293,2,0,IN
571294,2,0,IN
571295,2,0,IN
571297,,,IN
571298,2,0,IN
571299,2,0,IN
571300,1,1,IN
571301,,,IN
571303,2,0,IN
571304,,,IN
571305,2,0,IN
571306,2,0,IN
571307,2,0,IN
571309,,,IN
571316,1,1,IN
571317,2,0,IN
571318,2,0,IN
571321,2,0,IN
571322,1,1,IN
571323,2,0,IN
571328,2,0,IN
571332,2,0,IN
571334,2,0,IN
571335,2,0,IN
571336,2,0,IN
571337,2,0,IN
571338,1,1,IN
571340,1,1,IN
571341,1,1,IN
571342,,,IN
571346,2,0,IN
571347,,,IN
571349,,,IN
571357,1,1,IN
571358,1,1,IN
571359,2,0,IN
571360,1,1,IN
571363,,,IN
571364,,,IN
571367,2,0,IN
571372,2,0,IN
571373,,,IN
571378,2,0,IN
571379,,,IN
571381,2,0,IN
571396,2,0,IN
571398,,,IN
571404,1,1,IN
571421,2,0,IN
571425,,,IN
571427,,,IN
571428,,,IN
571430,2,0,IN
571431,,,IN
571435,1,1,IN
571437,1,1,IN
571439,,,IN
571440,,,IN
571441,,,IN
571442,,,IN
571443,2,0,IN
571444,,,IN
571445,1,1,IN
571449,1,1,IN
571451,2,0,IN
571453,2,0,IN
571457,2,0,IN
571460,,,IN
571461,2,0,IN
571467,2,0,IN
571468,2,0,IN
571469,2,0,IN
571474,2,0,IN
571475,,,IN
571478,2,0,IN
571479,2,0,IN
571481,1,1,IN
571482,2,0,IN
571483,2,0,IN
571488,2,0,IN
571489,2,0,IN
571491,1,1,IN
571494,2,0,IN
571495,,,IN
571499,2,0,IN
571502,1,1,IN
571512,1,1,IN
571514,,,IN
571515,2,0,IN
571517,,,IN
571518,,,IN
571519,,,IN
571522,2,0,IN
571525,2,0,IN
571533,2,0,IN
571535,1,1,IN
571537,2,0,IN
571544,,,IN
571554,2,0,IN
571556,2,0,IN
531202,2,0,BA
531203,2,0,BA
531204,2,0,BA
531208,1,1,BA
531209,2,0,BA
531212,2,0,BA
531217,2,0,BA
531218,2,0,BA
531220,2,0,BA
531221,2,0,BA
531223,2,0,BA
531228,2,0,BA
531229,2,0,BA
531232,2,0,BA
531234,2,0,BA
531237,2,0,BA
531239,1,1,BA
531241,2,0,BA
531243,2,0,BA
531244,2,0,BA
531246,2,0,BA
531247,1,1,BA
531250,2,0,BA
531252,2,0,BA
531254,2,0,BA
531257,2,0,BA
531260,2,0,BA
531261,2,0,BA
531262,2,0,BA
531263,2,0,BA
531264,2,0,BA
531266,1,1,BA
531267,2,0,BA
531269,1,1,BA
531270,2,0,BA
531275,2,0,BA
531281,2,0,BA
531283,,,BA
531284,2,0,BA
531286,2,0,BA
531288,2,0,BA
531290,1,1,BA
531292,,,BA
531294,2,0,BA
531296,2,0,BA
531297,2,0,BA
531298,,,BA
531299,1,1,BA
531300,2,0,BA
531301,,,BA
531304,1,1,BA
531306,2,0,BA
531307,1,1,BA
531309,2,0,BA
531310,1,1,BA
531311,2,0,BA
531314,2,0,BA
531315,2,0,BA
531317,2,0,BA
531320,1,1,BA
531321,2,0,BA
531325,,,BA
531327,,,BA
531328,,,BA
531329,,,BA
531330,,,BA
531332,,,BA
531333,,,BA
531335,,,BA
531337,,,BA
531338,,,BA
531343,,,BA
531345,,,BA
531346,,,BA
531347,,,BA
531348,,,BA
531354,1,1,BA
531355,,,BA
531356,,,BA
531357,,,BA
531358,,,BA
531359,2,0,BA
531360,,,BA
531361,,,BA
531364,1,1,BA
531365,,,BA
531367,,,BA
531368,,,BA
531369,,,BA
531370,,,BA
531371,,,BA
531372,,,BA
531373,,,BA
531375,,,BA
531376,,,BA
531377,,,BA
531380,1,1,BA
531381,,,BA
531382,,,BA
531383,2,0,BA
531384,2,0,BA
531386,,,BA
531387,1,1,BA
531388,,,BA
531390,,,BA
531392,,,BA
531393,,,BA
531394,,,BA
531397,,,BA
531398,,,BA
531399,,,BA
531400,,,BA
531401,,,BA
531403,,,BA
531405,,,BA
531406,,,BA
531409,,,BA
531412,,,BA
531413,,,BA
531414,,,BA
531415,,,BA
531417,,,BA
531418,,,BA
531423,,,BA
531424,,,BA
531425,,,BA
531426,,,BA
531428,,,BA
531429,,,BA
531431,,,BA
531434,,,BA
531435,,,BA
531436,,,BA
531437,,,BA
531439,,,BA
531440,,,BA
531441,,,BA
531442,,,BA
531443,,,BA
531444,,,BA
531445,,,BA
531446,,,BA
531447,,,BA
531448,,,BA
531449,,,BA
531450,,,BA
531451,,,BA
531452,,,BA
531455,,,BA
531457,,,BA
531458,2,0,BA
531459,1,1,BA
531460,,,BA
531461,,,BA
531462,,,BA
531463,,,BA
531464,,,BA
531465,,,BA
531466,,,BA
531467,2,0,BA
531469,,,BA
531470,,,BA
531472,2,0,BA
531474,,,BA
531475,,,BA
531476,,,BA
531477,,,BA
531479,,,BA
531481,,,BA
531482,,,BA
531486,,,BA
531488,,,BA
531489,,,BA
531493,,,BA
531497,2,0,BA
531501,,,BA
531502,2,0,BA
531503,2,0,BA
531506,1,1,BA
531515,,,BA
531516,,,BA
531526,2,0,BA
531527,2,0,BA
531528,,,BA
531531,2,0,BA
531532,2,0,BA
531534,2,0,BA
531538,,,BA
531539,2,0,BA
531546,2,0,BA
531547,,,BA
531549,2,0,BA
531551,2,0,BA
531554,2,0,BA
531555,2,0,BA
531556,2,0,BA
531557,2,0,BA
531559,,,BA
531564,,,BA
531567,2,0,BA
531568,,,BA
531571,,,BA
531572,,,BA
531578,2,0,BA
531580,,,BA
531581,,,BA
531583,2,0,BA
531584,2,0,BA
531585,2,0,BA
531586,2,0,BA
531588,1,1,BA
531589,2,0,BA
531590,2,0,BA
531591,2,0,BA
531592,2,0,BA
531593,2,0,BA
531594,1,1,BA
531595,2,0,BA
531596,2,0,BA
531597,2,0,BA
531599,1,1,BA
531600,,,BA
531603,2,0,BA
531604,1,1,BA
531605,2,0,BA
531606,2,0,BA
531610,2,0,BA
531611,2,0,BA
531612,2,0,BA
531613,2,0,BA
531614,2,0,BA
531615,2,0,BA
531616,2,0,BA
531617,1,1,BA
531618,2,0,BA
531619,2,0,BA
531620,2,0,BA
531621,1,1,BA
531622,1,1,BA
531623,2,0,BA
531624,2,0,BA
531625,2,0,BA
531626,1,1,BA
531627,2,0,BA
531628,1,1,BA
531629,2,0,BA
531630,2,0,BA
531631,2,0,BA
531632,2,0,BA
531633,2,0,BA
531634,2,0,BA
531635,2,0,BA
531636,1,1,BA
531638,2,0,BA
531639,2,0,BA
531640,1,1,BA
531641,1,1,BA
531642,2,0,BA
531643,1,1,BA
531644,2,0,BA
531645,,,BA
531646,2,0,BA
531647,1,1,BA
531648,2,0,BA
531649,2,0,BA
531650,2,0,BA
531652,2,0,BA
531653,2,0,BA
531654,2,0,BA
531655,2,0,BA
531657,2,0,BA
531659,2,0,BA
531661,2,0,BA
531662,2,0,BA
531663,2,0,BA
531664,2,0,BA
531665,2,0,BA
531667,,,BA
531668,1,1,BA
531669,2,0,BA
531671,2,0,BA
531672,2,0,BA
531673,2,0,BA
531674,2,0,BA
531675,1,1,BA
531676,1,1,BA
531677,2,0,BA
531678,2,0,BA
531679,2,0,BA
531680,2,0,BA
531681,2,0,BA
531682,,,BA
531683,2,0,BA
531686,2,0,BA
531687,2,0,BA
531688,1,1,BA
531689,2,0,BA
531691,2,0,BA
531692,2,0,BA
531693,2,0,BA
531695,1,1,BA
531696,2,0,BA
531697,2,0,BA
531698,2,0,BA
531699,2,0,BA
531700,2,0,BA
531701,2,0,BA
531702,1,1,BA
531703,1,1,BA
531704,1,1,BA
531705,2,0,BA
531706,1,1,BA
531707,1,1,BA
531708,2,0,BA
531709,2,0,BA
531710,1,1,BA
531711,2,0,BA
531712,2,0,BA
531713,1,1,BA
531714,2,0,BA
531715,1,1,BA
531716,2,0,BA
531717,2,0,BA
531719,2,0,BA
531720,2,0,BA
531721,1,1,BA
531723,2,0,BA
531724,2,0,BA
531726,2,0,BA
531727,2,0,BA
531730,1,1,BA
531731,1,1,BA
531732,2,0,BA
531733,2,0,BA
531734,2,0,BA
531736,2,0,BA
531737,2,0,BA
531739,1,1,BA
531740,2,0,BA
531742,2,0,BA
531744,2,0,BA
531746,2,0,BA
531747,2,0,BA
531748,2,0,BA
531749,2,0,BA
531753,2,0,BA
531754,2,0,BA
531755,2,0,BA
531757,2,0,BA
531759,1,1,BA
531760,2,0,BA
531762,1,1,BA
531764,2,0,BA
531765,,,BA
531766,2,0,BA
531767,2,0,BA
531768,2,0,BA
531769,2,0,BA
531772,2,0,BA
531773,1,1,BA
531775,2,0,BA
531776,2,0,BA
531777,1,1,BA
531778,2,0,BA
531780,2,0,BA
531781,2,0,BA
531784,2,0,BA
531785,2,0,BA
531786,2,0,BA
531787,2,0,BA
531788,2,0,BA
531789,2,0,BA
531790,1,1,BA
531791,1,1,BA
531792,1,1,BA
531793,2,0,BA
531794,2,0,BA
531795,1,1,BA
531796,2,0,BA
531797,2,0,BA
531798,2,0,BA
531799,2,0,BA
531801,2,0,BA
531802,2,0,BA
531803,1,1,BA
531805,2,0,BA
531806,2,0,BA
531807,2,0,BA
531808,1,1,BA
531809,2,0,BA
531810,2,0,BA
531811,2,0,BA
531813,1,1,BA
531816,2,0,BA
531817,2,0,BA
531819,2,0,BA
531820,2,0,BA
531821,1,1,BA
531822,2,0,BA
531823,2,0,BA
531824,1,1,BA
531825,2,0,BA
531826,2,0,BA
531827,2,0,BA
531828,2,0,BA
531829,2,0,BA
531830,2,0,BA
531831,1,1,BA
531832,2,0,BA
531833,2,0,BA
531834,2,0,BA
531837,1,1,BA
531838,2,0,BA
531839,2,0,BA
531840,2,0,BA
531841,2,0,BA
531842,2,0,BA
531843,2,0,BA
531845,2,0,BA
531846,2,0,BA
531847,2,0,BA
531848,2,0,BA
531849,2,0,BA
531851,2,0,BA
531852,2,0,BA
531853,2,0,BA
531854,2,0,BA
531855,2,0,BA
531856,2,0,BA
531857,2,0,BA
531858,2,0,BA
531859,2,0,BA
531860,2,0,BA
531861,2,0,BA
531862,1,1,BA
531863,2,0,BA
531864,2,0,BA
531865,2,0,BA
531866,2,0,BA
531867,2,0,BA
531868,2,0,BA
531869,2,0,BA
531870,2,0,BA
531871,2,0,BA
531872,2,0,BA
531873,2,0,BA
531875,2,0,BA
531876,1,1,BA
531877,2,0,BA
531878,2,0,BA
531879,2,0,BA
531881,2,0,BA
531882,2,0,BA
531883,2,0,BA
531884,2,0,BA
531885,2,0,BA
531886,2,0,BA
531887,2,0,BA
531888,2,0,BA
531890,2,0,BA
531891,2,0,BA
531892,1,1,BA
531893,2,0,BA
531894,1,1,BA
531895,1,1,BA
531896,2,0,BA
531897,2,0,BA
531898,1,1,BA
531900,2,0,BA
531901,2,0,BA
531902,2,0,BA
531903,2,0,BA
531904,2,0,BA
531905,1,1,BA
531906,2,0,BA
531907,2,0,BA
531908,1,1,BA
531909,1,1,BA
531910,2,0,BA
531911,2,0,BA
531912,2,0,BA
531913,1,1,BA
531915,2,0,BA
531916,2,0,BA
531917,2,0,BA
531918,2,0,BA
531919,2,0,BA
531920,2,0,BA
531921,2,0,BA
531922,2,0,BA
531923,2,0,BA
531927,2,0,BA
531929,1,1,BA
531930,2,0,BA
531933,,,BA
531934,,,BA
531935,,,BA
531936,,,BA
531937,,,BA
531938,2,0,BA
531939,,,BA
531941,2,0,BA
531942,,,BA
531943,,,BA
531944,,,BA
531945,,,BA
531946,2,0,BA
531947,,,BA
531948,,,BA
531949,,,BA
531950,,,BA
531951,,,BA
531952,,,BA
531953,,,BA
531954,,,BA
531955,,,BA
531956,,,BA
531957,,,BA
531958,,,BA
531959,,,BA
531960,,,BA
531961,,,BA
531962,,,BA
531963,,,BA
531964,2,0,BA
531965,,,BA
531967,2,0,BA
531969,,,BA
531970,,,BA
531971,,,BA
531972,,,BA
531973,,,BA
531974,,,BA
531976,,,BA
531977,,,BA
531978,,,BA
531980,,,BA
531981,,,BA
531982,,,BA
531983,,,BA
531984,2,0,BA
531985,2,0,BA
531987,,,BA
531988,2,0,BA
531989,2,0,BA
531990,1,1,BA
531991,2,0,BA
531992,2,0,BA
531993,2,0,BA
531994,2,0,BA
531995,2,0,BA
531996,2,0,BA
531997,2,0,BA
531998,2,0,BA
532000,2,0,BA
532001,2,0,BA
532002,2,0,BA
532003,2,0,BA
532004,2,0,BA
532005,2,0,BA
532006,2,0,BA
532007,1,1,BA
532010,2,0,BA
532011,2,0,BA
532013,2,0,BA
532014,2,0,BA
532015,2,0,BA
532016,2,0,BA
532018,2,0,BA
532019,2,0,BA
532021,2,0,BA
532022,2,0,BA
532023,2,0,BA
532024,2,0,BA
532025,2,0,BA
532026,2,0,BA
532029,2,0,BA
532030,2,0,BA
532031,2,0,BA
532032,2,0,BA
532033,2,0,BA
532034,2,0,BA
532035,2,0,BA
532036,2,0,BA
532037,2,0,BA
532038,2,0,BA
532039,2,0,BA
532041,2,0,BA
532042,2,0,BA
532043,2,0,BA
532044,2,0,BA
532045,2,0,BA
532047,2,0,BA
532048,2,0,BA
532049,2,0,BA
532050,2,0,BA
532051,2,0,BA
532052,2,0,BA
532053,2,0,BA
532057,2,0,BA
532058,2,0,BA
532059,2,0,BA
532060,2,0,BA
532061,2,0,BA
532062,2,0,BA
532065,2,0,BA
532066,2,0,BA
532068,2,0,BA
532069,2,0,BA
532070,2,0,BA
532072,2,0,BA
532073,2,0,BA
532074,2,0,BA
532075,2,0,BA
532076,2,0,BA
532078,2,0,BA
532079,2,0,BA
532080,2,0,BA
532082,1,1,BA
532083,1,1,BA
532085,2,0,BA
532086,2,0,BA
532087,2,0,BA
532088,2,0,BA
532089,2,0,BA
532090,2,0,BA
532091,1,1,BA
532092,2,0,BA
532093,2,0,BA
532094,2,0,BA
532095,2,0,BA
532097,2,0,BA
532098,2,0,BA
532099,2,0,BA
532100,2,0,BA
532101,2,0,BA
532103,2,0,BA
532104,2,0,BA
532105,2,0,BA
532106,2,0,BA
532107,1,1,BA
532108,2,0,BA
532109,2,0,BA
532110,,,BA
532111,2,0,BA
532112,2,0,BA
532114,2,0,BA
532116,,,BA
532119,,,BA
532121,,,BA
532122,,,BA
532124,,,BA
532125,,,BA
532127,,,BA
532128,2,0,BA
532129,2,0,BA
532130,2,0,BA
532131,2,0,BA
532132,2,0,BA
532133,2,0,BA
532135,2,0,BA
532136,2,0,BA
532137,2,0,BA
532142,2,0,BA
532143,2,0,BA
532144,2,0,BA
532145,2,0,BA
532146,2,0,BA
532147,2,0,BA
532148,2,0,BA
532149,1,1,BA
532150,2,0,BA
532151,,,BA
532152,2,0,BA
532153,2,0,BA
532154,2,0,BA
532155,,,BA
532156,,,BA
532158,2,0,BA
532160,2,0,BA
532161,2,0,BA
532162,2,0,BA
532163,2,0,BA
532164,2,0,BA
532165,2,0,BA
532166,2,0,BA
532167,,,BA
532168,2,0,BA
532169,2,0,BA
532170,2,0,BA
532171,2,0,BA
532172,2,0,BA
532174,2,0,BA
532176,,,BA
532177,,,BA
532179,2,0,BA
532180,,,BA
532181,2,0,BA
532183,,,BA
532187,2,0,BA
532192,,,BA
532196,,,BA
532199,,,BA
532202,,,BA
532204,,,BA
532207,2,0,BA
532208,,,BA
532213,2,0,BA
532214,2,0,BA
532218,2,0,BA
532219,,,BA
532222,2,0,BA
532223,2,0,BA
532224,2,0,BA
532231,2,0,BA
532235,2,0,BA
532236,2,0,BA
532242,,,BA
532243,2,0,BA
532251,2,0,BA
532252,2,0,BA
532253,2,0,BA
532257,2,0,BA
532258,,,BA
532260,,,BA
532261,,,BA
532262,1,1,BA
532263,,,BA
532266,2,0,BA
532267,1,1,BA
532268,,,BA
532269,,,BA
532270,,,BA
532271,,,BA
532272,2,0,BA
532273,,,BA
532274,,,BA
532275,,,BA
532276,2,0,BA
532277,2,0,BA
532279,2,0,BA
532280,2,0,BA
532281,2,0,BA
532282,2,0,BA
532283,1,1,BA
532285,1,1,BA
532286,,,BA
532287,,,BA
532288,,,BA
532289,1,1,BA
532290,,,BA
532291,,,BA
532292,2,0,BA
532293,,,BA
532294,,,BA
532295,2,0,BA
532296,2,0,BA
532298,2,0,BA
532299,2,0,BA
532300,2,0,BA
532302,2,0,BA
532303,2,0,BA
532304,2,0,BA
532305,1,1,BA
532310,2,0,BA
532315,2,0,BA
532316,,,BA
532318,,,BA
532319,,,BA
532320,2,0,BA
532321,2,0,BA
532322,2,0,BA
532323,2,0,BA
532324,2,0,BA
532325,2,0,BA
532326,,,BA
532331,,,BA
532332,,,BA
532333,,,BA
532334,2,0,BA
532336,,,BA
532341,2,0,BA
532342,2,0,BA
532343,2,0,BA
532344,,,BA
532345,2,0,BA
532347,2,0,BA
532348,1,1,BA
532349,2,0,BA
532350,1,1,BA
532351,2,0,BA
532352,2,0,BA
532353,2,0,BA
532354,2,0,BA
532355,2,0,BA
532356,1,1,BA
532357,,,BA
532360,,,BA
532361,1,1,BA
532362,2,0,BA
532363,2,0,BA
532364,,,BA
532365,,,BA
532366,,,BA
532367,2,0,BA
532368,,,BA
532369,2,0,BA
532370,2,0,BA
532373,,,BA
532374,,,BA
532375,,,BA
532376,2,0,BA
532377,2,0,BA
532378,2,0,BA
532380,2,0,BA
532382,,,BA
532383,1,1,BA
532384,,,BA
532385,,,BA
532386,2,0,BA
532387,1,1,BA
532390,2,0,BA
532392,,,BA
532393,,,BA
532394,,,BA
532395,2,0,BA
532396,2,0,BA
532397,,,BA
532399,2,0,BA
532400,2,0,BA
532401,2,0,BA
532402,2,0,BA
532403,2,0,BA
532404,2,0,BA
532405,1,1,BA
532407,2,0,BA
532408,1,1,BA
532409,2,0,BA
532410,2,0,BA
532411,1,1,BA
532412,2,0,BA
532413,2,0,BA
532414,2,0,BA
532415,2,0,BA
532416,,,BA
532417,2,0,BA
532418,,,BA
532419,2,0,BA
532420,2,0,BA
532422,2,0,BA
532423,2,0,BA
532424,2,0,BA
532425,2,0,BA
532426,2,0,BA
532427,2,0,BA
532428,2,0,BA
532429,2,0,BA
532430,2,0,BA
532431,2,0,BA
532432,2,0,BA
532433,2,0,BA
532434,,,BA
532436,2,0,BA
532437,2,0,BA
532438,2,0,BA
532439,2,0,BA
532440,2,0,BA
532441,2,0,BA
532442,2,0,BA
532443,2,0,BA
532444,2,0,BA
532445,2,0,BA
532446,2,0,BA
532447,2,0,BA
532448,2,0,BA
532449,,,BA
532451,,,BA
532452,2,0,BA
532453,2,0,BA
532454,,,BA
532455,1,1,BA
532456,,,BA
532462,2,0,BA
532463,,,BA
532464,,,BA
532465,2,0,BA
532470,2,0,BA
532471,,,BA
532472,,,BA
532473,2,0,BA
532475,,,BA
532477,2,0,BA
532479,2,0,BA
532480,2,0,BA
532481,2,0,BA
532483,2,0,BA
532484,2,0,BA
532487,,,BA
532496,,,BA
532497,2,0,BA
532498,2,0,BA
532499,,,BA
532501,2,0,BA
532502,2,0,BA
532503,2,0,BA
532504,2,0,BA
532505,2,0,BA
532506,2,0,BA
532507,2,0,BA
532508,2,0,BA
532509,2,0,BA
532510,2,0,BA
532512,2,0,BA
532513,2,0,BA
532514,,,BA
532519,2,0,BA
532520,2,0,BA
532523,1,1,BA
532528,2,0,BA
532537,1,1,BA
532541,2,0,BA
532548,1,1,BA
532549,2,0,BA
532550,,,BA
532551,2,0,BA
532552,,,BA
532553,,,BA
532554,2,0,BA
532555,,,BA
532556,2,0,BA
532557,1,1,BA
532560,,,BA
532561,2,0,BA
532562,2,0,BA
532563,2,0,BA
532564,2,0,BA
532565,2,0,BA
532566,,,BA
532567,,,BA
532568,,,BA
532569,,,BA
532570,,,BA
532571,1,1,BA
532573,,,BA
532574,2,0,BA
532575,2,0,BA
532576,2,0,BA
532577,2,0,BA
532578,2,0,BA
532580,,,BA
532581,,,BA
532582,,,BA
532583,,,BA
532586,2,0,BA
532587,,,BA
532588,,,BA
532589,2,0,BA
532590,,,BA
532591,,,BA
532592,1,1,BA
532593,,,BA
532594,2,0,BA
532595,,,BA
532596,,,BA
532597,2,0,BA
532598,,,BA
532600,1,1,BA
532601,2,0,BA
532602,2,0,BA
532603,,,BA
532604,,,BA
532605,,,BA
532606,,,BA
532607,,,BA
532610,2,0,BA
532614,2,0,BA
532615,1,1,BA
532618,,,BA
532620,,,BA
532624,1,1,BA
532626,2,0,BA
532629,2,0,BA
532630,1,1,BA
532631,2,0,BA
532632,2,0,BA
532634,1,1,BA
532636,1,1,BA
532637,1,1,BA
532638,2,0,BA
532642,2,0,BA
527761,,,NE
527762,,,NE
527763,2,0,NE
527764,2,0,NE
527765,2,0,NE
527766,2,0,NE
527767,2,0,NE
527768,2,0,NE
527769,2,0,NE
527770,2,0,NE
527771,2,0,NE
527772,,,NE
527773,2,0,NE
527774,2,0,NE
527775,,,NE
527776,1,1,NE
527777,2,0,NE
527778,,,NE
527779,,,NE
527780,2,0,NE
527781,,,NE
527782,,,NE
527783,,,NE
527784,,,NE
527785,2,0,NE
527786,,,NE
527787,,,NE
527788,,,NE
527789,,,NE
527790,,,NE
527791,,,NE
527792,,,NE
527793,,,NE
527794,2,0,NE
527795,,,NE
527796,,,NE
527797,,,NE
527798,,,NE
527799,,,NE
527800,,,NE
527801,,,NE
527802,,,NE
527803,2,0,NE
527804,,,NE
527805,,,NE
527806,,,NE
527807,,,NE
527808,,,NE
527809,,,NE
527810,,,NE
527811,,,NE
527812,,,NE
527813,,,NE
527814,,,NE
527815,,,NE
527816,,,NE
527817,,,NE
527818,,,NE
527819,,,NE
527820,,,NE
527821,,,NE
527822,,,NE
527823,,,NE
527824,1,1,NE
527825,1,1,NE
527826,,,NE
527827,,,NE
527828,2,0,NE
527829,,,NE
527830,,,NE
527831,,,NE
527832,,,NE
527833,,,NE
527834,,,NE
527835,,,NE
527836,,,NE
527837,,,NE
527838,,,NE
527839,,,NE
527840,,,NE
527841,,,NE
527842,,,NE
527843,,,NE
527844,,,NE
527845,2,0,NE
527846,,,NE
527847,,,NE
527848,,,NE
527849,,,NE
527850,,,NE
527851,,,NE
527852,,,NE
527853,,,NE
527854,,,NE
527855,2,0,NE
527856,,,NE
527857,,,NE
527858,,,NE
527859,,,NE
527860,2,0,NE
527861,,,NE
527862,2,0,NE
527863,,,NE
527864,,,NE
527865,,,NE
527866,-9,0,NE
527867,,,NE
527868,1,1,NE
527869,1,1,NE
527870,,,NE
527871,,,NE
527872,1,1,NE
527873,2,0,NE
527874,2,0,NE
527875,2,0,NE
527876,-9,0,NE
527877,,,NE
527878,,,NE
527879,,,NE
527880,2,0,NE
527881,2,0,NE
527882,2,0,NE
527883,,,NE
527884,,,NE
527885,2,0,NE
527886,,,NE
527887,,,NE
527888,,,NE
527889,2,0,NE
527890,,,NE
527891,,,NE
527892,,,NE
527893,,,NE
527894,,,NE
527895,,,NE
527896,,,NE
527897,,,NE
527898,2,0,NE
527899,,,NE
527900,,,NE
527901,,,NE
527902,2,0,NE
527903,,,NE
527904,,,NE
527905,,,NE
527906,2,0,NE
527907,,,NE
527908,2,0,NE
527909,2,0,NE
527910,1,1,NE
527911,,,NE
527912,,,NE
527913,2,0,NE
527914,,,NE
527915,1,1,NE
527916,,,NE
527917,,,NE
527918,,,NE
527919,,,NE
527920,1,1,NE
527921,,,NE
527922,,,NE
527923,,,NE
527924,,,NE
527925,,,NE
527926,,,NE
527927,,,NE
527928,1,1,NE
527929,,,NE
527930,2,0,NE
527931,,,NE
527932,,,NE
527933,,,NE
527934,,,NE
527936,,,NE
527937,,,NE
527938,,,NE
527939,,,NE
527940,,,NE
527941,,,NE
527942,,,NE
527943,,,NE
527944,,,NE
527945,1,1,NE
527946,,,NE
527947,,,NE
527948,,,NE
527949,,,NE
527950,,,NE
527951,2,0,NE
527952,2,0,NE
527953,,,NE
527954,,,NE
527955,,,NE
527956,2,0,NE
527957,,,NE
527958,,,NE
527959,,,NE
527960,,,NE
527961,,,NE
527962,,,NE
527963,,,NE
527964,2,0,NE
527965,,,NE
527966,,,NE
527967,,,NE
527968,1,1,NE
527969,,,NE
527971,1,1,NE
527972,-9,0,NE
527973,2,0,NE
527974,1,1,NE
527975,2,0,NE
527976,,,NE
527977,2,0,NE
527978,1,1,NE
527979,,,NE
527980,,,NE
527981,2,0,NE
527982,2,0,NE
527983,2,0,NE
527984,2,0,NE
527985,,,NE
527986,,,NE
527987,2,0,NE
527988,1,1,NE
527989,2,0,NE
527990,2,0,NE
527991,2,0,NE
527992,2,0,NE
527993,2,0,NE
527994,-9,0,NE
527995,2,0,NE
527996,2,0,NE
527997,2,0,NE
527998,2,0,NE
527999,,,NE
528000,2,0,NE
528001,-9,0,NE
528002,2,0,NE
528003,2,0,NE
528004,2,0,NE
528005,,,NE
528006,,,NE
528007,,,NE
528008,2,0,NE
528009,2,0,NE
528010,,,NE
528011,2,0,NE
528013,2,0,NE
528014,2,0,NE
528015,2,0,NE
528016,,,NE
528017,,,NE
528018,2,0,NE
528019,,,NE
528020,2,0,NE
528021,,,NE
528022,2,0,NE
528023,2,0,NE
528024,2,0,NE
528025,,,NE
528026,2,0,NE
528027,,,NE
528028,,,NE
528029,,,NE
528030,,,NE
528031,,,NE
528032,,,NE
528033,,,NE
528034,,,NE
528035,1,1,NE
528036,,,NE
528037,,,NE
528039,,,NE
528040,,,NE
528041,,,NE
528042,,,NE
528043,,,NE
528044,,,NE
528045,,,NE
528046,,,NE
528047,,,NE
528048,,,NE
528049,,,NE
528051,,,NE
528052,,,NE
528053,,,NE
528054,-9,0,NE
528055,,,NE
528056,,,NE
528057,,,NE
528058,,,NE
528059,,,NE
528060,,,NE
528061,,,NE
528062,,,NE
528063,2,0,NE
528064,2,0,NE
528065,,,NE
528066,,,NE
528067,,,NE
528068,2,0,NE
528069,,,NE
528070,,,NE
528071,,,NE
528072,,,NE
528073,,,NE
528074,,,NE
528075,2,0,NE
528076,2,0,NE
528077,,,NE
528078,,,NE
528079,,,NE
528080,,,NE
528081,2,0,NE
528082,,,NE
528083,2,0,NE
528084,2,0,NE
528085,2,0,NE
528086,,,NE
528087,2,0,NE
528088,,,NE
528089,,,NE
528090,,,NE
528091,,,NE
528093,,,NE
528094,,,NE
528095,,,NE
528096,,,NE
528097,,,NE
528098,,,NE
528099,2,0,NE
528100,2,0,NE
528101,2,0,NE
528102,2,0,NE
528103,2,0,NE
528104,2,0,NE
528105,2,0,NE
528106,2,0,NE
528107,2,0,NE
528108,2,0,NE
528109,2,0,NE
528110,2,0,NE
528111,2,0,NE
528112,,,NE
528113,1,1,NE
528115,2,0,NE
528116,2,0,NE
528117,2,0,NE
528118,2,0,NE
528119,2,0,NE
528120,2,0,NE
528121,1,1,NE
528122,2,0,NE
528123,2,0,NE
528124,2,0,NE
528125,2,0,NE
528126,2,0,NE
528127,2,0,NE
528128,2,0,NE
528129,2,0,NE
528130,2,0,NE
528131,2,0,NE
528132,2,0,NE
528133,2,0,NE
528135,2,0,NE
528136,2,0,NE
528137,2,0,NE
528138,1,1,NE
528139,2,0,NE
528140,2,0,NE
528141,2,0,NE
528143,2,0,NE
528145,1,1,NE
528146,2,0,NE
528147,2,0,NE
528148,2,0,NE
528149,2,0,NE
528150,2,0,NE
528151,,,NE
528152,,,NE
528153,,,NE
528154,,,NE
528155,,,NE
528156,,,NE
528157,2,0,NE
528158,,,NE
528159,,,NE
528160,,,NE
528161,2,0,NE
528162,2,0,NE
528163,2,0,NE
528164,2,0,NE
528165,,,NE
528166,2,0,NE
528167,2,0,NE
528168,,,NE
528169,2,0,NE
528170,,,NE
528171,,,NE
528172,,,NE
528173,,,NE
528174,,,NE
528175,2,0,NE
528176,,,NE
528177,,,NE
528178,,,NE
528179,,,NE
528180,,,NE
528181,,,NE
528182,,,NE
528183,,,NE
528184,,,NE
528185,,,NE
528186,,,NE
528187,,,NE
528188,2,0,NE
528189,2,0,NE
528190,2,0,NE
528191,2,0,NE
528192,,,NE
528193,2,0,NE
528194,,,NE
528195,,,NE
528196,,,NE
528197,,,NE
528198,,,NE
528199,,,NE
528200,,,NE
528201,,,NE
528202,,,NE
528203,2,0,NE
528204,,,NE
528205,,,NE
528206,,,NE
528207,,,NE
528208,-9,0,NE
528209,1,1,NE
528210,,,NE
528211,,,NE
528212,1,1,NE
528213,,,NE
528214,1,1,NE
528215,2,0,NE
528216,,,NE
528217,,,NE
528218,,,NE
528219,,,NE
528220,,,NE
528221,,,NE
528222,,,NE
528223,,,NE
528224,,,NE
528225,2,0,NE
528226,2,0,NE
528227,,,NE
528228,,,NE
528229,1,1,NE
528230,,,NE
528231,,,NE
528232,2,0,NE
528233,2,0,NE
528234,-9,0,NE
528235,,,NE
528236,1,1,NE
528237,2,0,NE
528238,,,NE
528239,-9,0,NE
528241,-9,0,NE
528242,2,0,NE
580892,2,0,PA
580893,2,0,PA
580894,2,0,PA
580895,2,0,PA
580896,2,0,PA
580897,,,PA
580899,2,0,PA
580900,2,0,PA
580901,2,0,PA
580902,2,0,PA
580905,,,PA
580906,,,PA
580907,1,1,PA
580908,,,PA
580911,,,PA
580912,,,PA
580913,2,0,PA
580914,,,PA
580917,,,PA
580918,2,0,PA
580919,2,0,PA
580920,2,0,PA
580921,2,0,PA
580923,2,0,PA
580925,2,0,PA
580926,2,0,PA
580927,,,PA
580928,1,1,PA
580929,,,PA
580930,2,0,PA
580931,2,0,PA
580932,2,0,PA
580933,,,PA
580935,2,0,PA
580936,,,PA
580938,2,0,PA
580939,2,0,PA
580940,2,0,PA
580941,2,0,PA
580942,2,0,PA
580943,2,0,PA
580944,2,0,PA
580946,2,0,PA
580947,2,0,PA
580949,2,0,PA
580950,2,0,PA
580951,,,PA
580952,2,0,PA
580954,2,0,PA
580956,2,0,PA
580958,2,0,PA
580959,,,PA
580961,2,0,PA
580964,2,0,PA
580965,2,0,PA
580966,,,PA
580968,1,1,PA
580969,,,PA
580972,2,0,PA
580973,2,0,PA
580974,-9,0,PA
580976,2,0,PA
580977,2,0,PA
580978,,,PA
580979,-9,0,PA
580981,2,0,PA
580982,2,0,PA
580983,2,0,PA
580984,2,0,PA
580986,2,0,PA
580987,,,PA
580988,,,PA
580989,2,0,PA
580993,2,0,PA
580995,2,0,PA
580996,2,0,PA
580997,2,0,PA
580998,2,0,PA
580999,,,PA
581001,-9,0,PA
581002,2,0,PA
581003,,,PA
581004,,,PA
581007,2,0,PA
581008,2,0,PA
581011,,,PA
581013,2,0,PA
581014,2,0,PA
581017,,,PA
581018,2,0,PA
581019,2,0,PA
581020,2,0,PA
581021,2,0,PA
581024,2,0,PA
581025,,,PA
581026,2,0,PA
581027,1,1,PA
581028,,,PA
581029,,,PA
581030,2,0,PA
581031,2,0,PA
581032,,,PA
581033,2,0,PA
581034,,,PA
581035,2,0,PA
581036,2,0,PA
581039,,,PA
581040,2,0,PA
581043,,,PA
581044,,,PA
581045,2,0,PA
581046,2,0,PA
581050,2,0,PA
581051,,,PA
581052,,,PA
581053,1,1,PA
581055,2,0,PA
581056,1,1,PA
581057,2,0,PA
581059,2,0,PA
581060,2,0,PA
581061,2,0,PA
581062,2,0,PA
581063,2,0,PA
581064,,,PA
581067,2,0,PA
581068,2,0,PA
581069,,,PA
581070,,,PA
581071,2,0,PA
581072,2,0,PA
581073,2,0,PA
581074,2,0,PA
581075,,,PA
581076,2,0,PA
581077,2,0,PA
581079,2,0,PA
581085,,,PA
581086,2,0,PA
581087,-9,0,PA
581088,,,PA
581089,2,0,PA
581090,2,0,PA
581091,2,0,PA
581092,,,PA
581093,2,0,PA
581094,,,PA
581095,,,PA
581096,2,0,PA
581097,2,0,PA
581098,,,PA
581099,2,0,PA
581100,2,0,PA
581101,,,PA
581102,,,PA
581103,2,0,PA
581104,,,PA
581105,,,PA
581106,,,PA
581107,,,PA
581108,,,PA
581109,,,PA
581110,2,0,PA
581111,,,PA
581112,,,PA
581113,,,PA
581114,,,PA
581115,2,0,PA
581116,,,PA
581117,2,0,PA
581118,,,PA
581119,,,PA
581120,,,PA
581122,,,PA
581123,,,PA
581124,,,PA
581126,2,0,PA
581128,,,PA
581129,,,PA
581130,2,0,PA
581131,2,0,PA
581132,,,PA
581133,,,PA
581134,,,PA
581135,2,0,PA
581136,2,0,PA
581137,2,0,PA
581138,2,0,PA
581139,2,0,PA
581140,,,PA
581141,2,0,PA
581142,2,0,PA
581143,,,PA
581144,2,0,PA
581145,,,PA
581146,,,PA
581147,2,0,PA
581148,2,0,PA
581149,,,PA
581150,,,PA
581152,,,PA
581153,2,0,PA
581154,2,0,PA
581155,,,PA
581156,2,0,PA
581157,2,0,PA
581158,2,0,PA
581159,2,0,PA
581160,,,PA
581161,2,0,PA
581162,2,0,PA
581164,,,PA
581165,2,0,PA
581166,,,PA
581167,,,PA
581168,,,PA
581169,,,PA
581170,,,PA
581171,,,PA
581173,2,0,PA
581174,1,1,PA
581176,,,PA
581178,,,PA
581180,,,PA
581181,2,0,PA
581182,,,PA
581183,2,0,PA
581184,2,0,PA
581186,2,0,PA
581187,2,0,PA
581188,,,PA
581189,2,0,PA
581190,,,PA
581192,,,PA
581193,,,PA
581194,,,PA
581195,,,PA
581196,,,PA
581197,,,PA
581199,,,PA
581200,2,0,PA
581201,,,PA
581202,,,PA
581203,2,0,PA
581205,,,PA
581206,2,0,PA
581207,,,PA
581208,,,PA
581209,2,0,PA
581211,,,PA
581213,2,0,PA
581214,2,0,PA
581215,,,PA
581216,2,0,PA
581217,,,PA
581218,2,0,PA
581219,,,PA
581220,,,PA
581221,,,PA
581222,,,PA
581223,,,PA
581224,2,0,PA
581225,,,PA
581226,2,0,PA
581227,2,0,PA
581236,,,PA
581237,,,PA
581238,,,PA
581239,2,0,PA
581240,2,0,PA
581241,,,PA
581243,,,PA
581244,,,PA
581245,,,PA
581246,,,PA
581247,,,PA
581248,,,PA
581250,,,PA
581251,,,PA
581252,,,PA
581253,,,PA
581254,,,PA
581255,,,PA
581256,2,0,PA
581258,,,PA
581260,,,PA
581261,,,PA
581262,2,0,PA
581263,2,0,PA
581264,2,0,PA
581265,2,0,PA
581266,2,0,PA
581267,,,PA
581268,,,PA
581269,,,PA
581270,,,PA
581271,,,PA
581272,2,0,PA
581273,2,0,PA
581274,2,0,PA
581275,2,0,PA
581276,,,PA
581278,,,PA
581279,2,0,PA
581280,2,0,PA
581281,,,PA
581283,,,PA
581284,,,PA
581285,,,PA
581286,,,PA
581287,2,0,PA
581288,,,PA
581289,,,PA
581290,,,PA
581291,2,0,PA
581292,2,0,PA
581294,2,0,PA
581297,2,0,PA
581300,1,1,PA
581301,,,PA
581302,,,PA
581305,,,PA
581306,2,0,PA
581307,2,0,PA
581308,,,PA
581309,2,0,PA
581310,,,PA
581311,,,PA
581313,2,0,PA
581314,,,PA
581315,,,PA
581316,,,PA
581318,,,PA
581319,,,PA
581320,2,0,PA
581322,,,PA
581324,,,PA
581325,,,PA
581326,,,PA
581327,2,0,PA
581328,,,PA
581330,,,PA
581331,,,PA
581332,,,PA
581333,,,PA
581334,2,0,PA
581335,,,PA
581336,2,0,PA
581337,2,0,PA
581338,2,0,PA
581339,,,PA
581341,1,1,PA
581342,2,0,PA
581343,,,PA
581344,,,PA
581345,,,PA
581346,,,PA
581347,,,PA
581348,,,PA
581350,,,PA
581351,,,PA
581352,,,PA
581353,2,0,PA
581355,2,0,PA
581356,,,PA
581357,2,0,PA
581358,2,0,PA
581359,2,0,PA
581360,,,PA
581361,2,0,PA
581362,2,0,PA
581363,2,0,PA
581364,2,0,PA
581365,,,PA
581366,2,0,PA
581367,2,0,PA
581368,2,0,PA
581369,,,PA
581370,2,0,PA
581371,,,PA
581373,,,PA
581374,,,PA
581375,,,PA
581376,2,0,PA
581377,,,PA
581378,,,PA
581379,,,PA
581380,2,0,PA
581381,,,PA
581382,,,PA
581383,-9,0,PA
581385,,,PA
581386,2,0,PA
581388,2,0,PA
581389,,,PA
581390,,,PA
581392,2,0,PA
581395,,,PA
581398,,,PA
581399,2,0,PA
581400,,,PA
581401,2,0,PA
581402,,,PA
581403,,,PA
581417,2,0,PA
581431,,,PA
581434,,,PA
581448,,,PA
581450,2,0,PA
581495,,,PA
581499,2,0,PA
581508,2,0,PA
581510,2,0,PA
581515,2,0,PA
581522,,,PA
581527,,,PA
581530,2,0,PA
581532,2,0,PA
581534,,,PA
581539,2,0,PA
581551,2,0,PA
581552,2,0,PA
581554,2,0,PA
581556,,,PA
581570,2,0,PA
581572,,,PA
581576,2,0,PA
581585,,,PA
581587,,,PA
581590,2,0,PA
581591,,,PA
581592,1,1,PA
581601,2,0,PA
581618,2,0,PA
581620,2,0,PA
581621,2,0,PA
581622,2,0,PA
581625,,,PA
581628,2,0,PA
581629,2,0,PA
581631,2,0,PA
581636,,,PA
581637,,,PA
581638,2,0,PA
581648,2,0,PA
581656,2,0,PA
581661,,,PA
581670,2,0,PA
581671,,,PA
581678,,,PA
581681,2,0,PA
581683,2,0,PA
581701,2,0,PA
581704,2,0,PA
581705,2,0,PA
581707,2,0,PA
581709,2,0,PA
581718,,,PA
581729,2,0,PA
581737,2,0,PA
581740,2,0,PA
581749,2,0,PA
581751,2,0,PA
581753,,,PA
581755,,,PA
581756,2,0,PA
581760,2,0,PA
581767,,,PA
581773,2,0,PA
581788,2,0,PA
581795,2,0,PA
581796,2,0,PA
581799,2,0,PA
581800,2,0,PA
581802,,,PA
581803,,,PA
581805,2,0,PA
581821,,,PA
581827,,,PA
581861,2,0,PA
581870,2,0,PA
581872,,,PA
581873,2,0,PA
581874,,,PA
581875,,,PA
581876,,,PA
581877,,,PA
581878,,,PA
581879,2,0,PA
581880,,,PA
581881,,,PA
581882,,,PA
581883,,,PA
581884,,,PA
581885,,,PA
581886,,,PA
581887,,,PA
581888,,,PA
581889,2,0,PA
581890,,,PA
581891,2,0,PA
581892,,,PA
581893,2,0,PA
581894,2,0,PA
581895,,,PA
581896,2,0,PA
581897,,,PA
581898,,,PA
581899,,,PA
581900,2,0,PA
581901,,,PA
581902,2,0,PA
581903,2,0,PA
581904,,,PA
581905,2,0,PA
581906,2,0,PA
581907,,,PA
581908,,,PA
581909,,,PA
581910,2,0,PA
581911,2,0,PA
581912,2,0,PA
581914,2,0,PA
581918,,,PA
581923,-9,0,PA
581924,2,0,PA
581925,2,0,PA
581926,2,0,PA
581927,2,0,PA
581928,2,0,PA
581929,2,0,PA
581930,2,0,PA
581931,2,0,PA
581932,2,0,PA
581933,2,0,PA
581934,2,0,PA
581935,2,0,PA
581936,2,0,PA
581937,2,0,PA
581938,,,PA
581939,,,PA
581940,2,0,PA
581941,,,PA
581942,2,0,PA
581945,2,0,PA
581946,,,PA
581947,2,0,PA
581948,2,0,PA
581949,,,PA
581950,2,0,PA
581951,,,PA
581952,2,0,PA
581953,2,0,PA
581954,2,0,PA
581955,2,0,PA
581956,2,0,PA
581957,2,0,PA
581959,,,PA
581960,,,PA
581961,,,PA
581962,2,0,PA
581963,2,0,PA
581964,2,0,PA
581965,,,PA
581966,,,PA
581967,,,PA
581968,,,PA
581969,,,PA
581970,2,0,PA
581971,,,PA
581972,2,0,PA
581973,2,0,PA
581974,2,0,PA
581977,2,0,PA
581978,,,PA
581979,2,0,PA
581982,2,0,PA
581983,,,PA
581984,,,PA
581985,2,0,PA
581986,,,PA
581987,,,PA
581988,2,0,PA
581989,2,0,PA
581990,,,PA
581991,,,PA
581992,2,0,PA
581993,,,PA
581994,,,PA
581995,2,0,PA
581996,2,0,PA
581997,2,0,PA
581998,,,PA
581999,2,0,PA
582000,2,0,PA
582001,2,0,PA
582002,2,0,PA
582003,2,0,PA
582004,2,0,PA
582005,2,0,PA
582006,,,PA
582007,,,PA
582008,2,0,PA
582009,,,PA
582010,,,PA
582014,,,PA
582015,,,PA
582018,,,PA
582021,,,PA
582029,2,0,PA
582031,,,PA
582032,,,PA
582033,,,PA
582034,,,PA
582035,,,PA
582037,2,0,PA
582039,2,0,PA
582040,,,PA
582041,,,PA
582042,2,0,PA
582043,2,0,PA
582045,2,0,PA
582046,,,PA
582047,,,PA
582048,,,PA
582060,2,0,PA
582061,1,1,PA
582062,,,PA
582063,,,PA
582064,,,PA
582065,1,1,PA
582066,2,0,PA
582067,,,PA
582068,,,PA
582069,,,PA
582070,,,PA
582071,,,PA
582074,,,PA
582075,,,PA
582076,,,PA
582078,,,PA
582079,,,PA
582080,,,PA
582081,2,0,PA
582082,,,PA
582084,,,PA
582085,,,PA
582086,,,PA
582087,,,PA
582088,,,PA
582089,,,PA
582090,2,0,PA
582092,,,PA
582094,2,0,PA
582095,2,0,PA
582096,2,0,PA
582097,,,PA
582098,2,0,PA
582099,2,0,PA
582100,2,0,PA
582101,2,0,PA
582102,2,0,PA
582103,2,0,PA
582104,2,0,PA
582105,2,0,PA
582106,2,0,PA
582107,2,0,PA
582108,,,PA
582109,2,0,PA
582110,1,1,PA
582111,2,0,PA
582112,2,0,PA
582114,2,0,PA
582115,2,0,PA
582116,2,0,PA
582117,1,1,PA
582118,2,0,PA
582119,2,0,PA
582120,,,PA
582121,2,0,PA
582122,,,PA
582123,,,PA
582124,,,PA
582125,2,0,PA
582126,,,PA
582127,2,0,PA
582128,,,PA
582129,,,PA
582130,,,PA
582131,,,PA
582132,,,PA
582134,2,0,PA
582135,-9,0,PA
582136,2,0,PA
582137,2,0,PA
582138,,,PA